source_ref,book_page,assembly,index,part_no,description,remark,qty,see_page,flags
SANY p15 L1,1-3,GJB100000390 mixer truck parts,1,QDP100000555,cargo vehicle chassis body,,1,,
SANY p15 L2,1-3,GJB100000390 mixer truck parts,2,GJB007184292,Upper part assembly,,1,2-2,
SANY p15 L3,1-3,GJB100000390 mixer truck parts,3,GJB006162551,Paintwork Markings,,1,3-2,
SANY p19 L1,2-3,GJB007184292 Upper part assembly,1,GJB005004023,12m3 right turning mixing cylinder,,1,2-4,
SANY p19 L2,2-3,GJB007184292 Upper part assembly,2,GJB007193761,Instrument monitor device,,1,2-18,
SANY p19 L3,2-3,GJB007184292 Upper part assembly,3,GJB007167731,Water supply,,1,2-20,
SANY p19 L4,2-3,GJB007184292 Upper part assembly,4,GJB006535510,Unloading device,,1,2-36,
SANY p19 L5,2-3,GJB007184292 Upper part assembly,5,GJB006993742,Feeding device,,1,2-40,
SANY p19 L6,2-3,GJB007184292 Upper part assembly,6,GJB006374363,Discharge device,,1,2-42,
SANY p19 L7,2-3,GJB007184292 Upper part assembly,7,12790667,Riding Wheel,,2,2-52,
SANY p19 L8,2-3,GJB007184292 Upper part assembly,8,GJB004840171,Lock Rack Device,,1,2-56,
SANY p19 L9,2-3,GJB007184292 Upper part assembly,9,GJB004761517,Fence for Anti-Collision,,1,2-62,
SANY p19 L10,2-3,GJB007184292 Upper part assembly,10,GJB005682900,Tail lamp support,,1,2-66,
SANY p19 L11,2-3,GJB007184292 Upper part assembly,11,GJB007311984,wheel house assembly,,1,2-72,
SANY p19 L12,2-3,GJB007184292 Upper part assembly,12,GJB007087105,Left-hand guard rail,,1,2-86,
SANY p19 L13,2-3,GJB007184292 Upper part assembly,13,GJB005637317,Auxiliary Chute Component,,1,2-88,
SANY p19 L14,2-3,GJB007184292 Upper part assembly,14,GJB007087106,Right-hand guard rail,,1,2-96,
SANY p19 L15,2-3,GJB007184292 Upper part assembly,15,GJB007172636,Mixing Drum Driving System(Hightech),,1,2-98,
SANY p19 L16,2-3,GJB007184292 Upper part assembly,16,GJB005026571,Rubber Liner Plates,,1,2-116,
SANY p19 L17,2-3,GJB007184292 Upper part assembly,17,GJB007085072,Mechanical operating system,,1,2-118,
SANY p19 L18,2-3,GJB007184292 Upper part assembly,18,GJB007174388,"Subframe,assy",,1,2-136,
SANY p19 L19,2-3,GJB007184292 Upper part assembly,19,GJB006211266,Master Bearing,,1,2-156,
SANY p19 L20,2-3,GJB007184292 Upper part assembly,20,GJB005670962,The Accessory,,1,2-158,
SANY p19 L21,2-3,GJB007184292 Upper part assembly,21,GJB007084914,"Transmission Assy,Oil Pump",,1,2-162,
SANY p19 L22,2-3,GJB007184292 Upper part assembly,22,GJB005026570,"subframe installation,lower",,1,2-164,
SANY p21 L1,2-5,GJB005004023 12m3 right turning mixing cylinder,1,11592413,Seal Ring,,1,,
SANY p21 L2,2-5,GJB005004023 12m3 right turning mixing cylinder,2,11599318,Spherical Cap Component,,1,2-6,
SANY p21 L3,2-5,GJB005004023 12m3 right turning mixing cylinder,3,12492750,Raceway,,1,,
SANY p21 L4,2-5,GJB005004023 12m3 right turning mixing cylinder,4,13586431,Manhole Cover,,1,,
SANY p21 L5,2-5,GJB005004023 12m3 right turning mixing cylinder,5,A210111000202,Bolt,,12,,
SANY p21 L6,2-5,GJB005004023 12m3 right turning mixing cylinder,6,A210336000001,Nut,,12,,
SANY p21 L7,2-5,GJB005004023 12m3 right turning mixing cylinder,7,A210401000002,Washer,,12,,
SANY p21 L8,2-5,GJB005004023 12m3 right turning mixing cylinder,8,A210405000001,Washer,,12,,
SANY p21 L9,2-5,GJB005004023 12m3 right turning mixing cylinder,9,GJB005003868,Right turning Rear Cone,,1,,
SANY p21 L10,2-5,GJB005004023 12m3 right turning mixing cylinder,10,GJB005003869,ring A,,1,,
SANY p21 L11,2-5,GJB005004023 12m3 right turning mixing cylinder,11,GJB005003870,ring B,,1,,
SANY p21 L12,2-5,GJB005004023 12m3 right turning mixing cylinder,12,GJB005003871,Right turning cylinder,,1,,
SANY p21 L13,2-5,GJB005004023 12m3 right turning mixing cylinder,13,GJB005003872,Right turning Front Cone,,1,,
SANY p21 L14,2-5,GJB005004023 12m3 right turning mixing cylinder,14,GJB005009704,schematic diagram of blade of 8m3 right turning mixing cylinder,,1,2-12,
SANY p23 L1,2-7,11599318 Spherical Cap Component,1,14426285,Flange Components,,1,2-8,
SANY p23 L2,2-7,11599318 Spherical Cap Component,2,11393562,Spherical Cap,,1,,
SANY p23 L3,2-7,11599318 Spherical Cap Component,3,11393659,Reinforced Plate,,6,,
SANY p23 L4,2-7,11599318 Spherical Cap Component,4,11393741,Reinforced Cone,,1,,
SANY p25 L1,2-9,14426285 Flange Components,1,11393517,Flange Components,,1,2-10,
SANY p25 L2,2-9,14426285 Flange Components,2,14426396,Sealing Board,,1,,
SANY p25 L3,2-9,14426285 Flange Components,3,14426393,Flange Reinforced Plate,,3,,
SANY p27 L1,2-11,11393517 Flange Components,1,11393507,Circular Ring,,1,,
SANY p27 L2,2-11,11393517 Flange Components,2,11393470,Flange,,1,,
SANY p29 L1,2-13,GJB005009704 schematic diagram of blade of 8m3 right turning mixing cylinder,1,10138755,Y2 blade,,2,,
SANY p29 L2,2-13,GJB005009704 schematic diagram of blade of 8m3 right turning mixing cylinder,2,10138756,Y1 blade,,2,,
SANY p29 L3,2-13,GJB005009704 schematic diagram of blade of 8m3 right turning mixing cylinder,3,10138754,Y3 blade,,2,,
SANY p29 L4,2-13,GJB005009704 schematic diagram of blade of 8m3 right turning mixing cylinder,4,10138751,Y5 blade,,2,,
SANY p29 L5,2-13,GJB005009704 schematic diagram of blade of 8m3 right turning mixing cylinder,5,10138752,Y4 blade,,2,,
SANY p29 L6,2-13,GJB005009704 schematic diagram of blade of 8m3 right turning mixing cylinder,6,10138749,Y6 blade,,10,,
SANY p29 L7,2-13,GJB005009704 schematic diagram of blade of 8m3 right turning mixing cylinder,7,GJB005009667,Y7 blade,,2,,
SANY p29 L8,2-13,GJB005009704 schematic diagram of blade of 8m3 right turning mixing cylinder,8,GJB005009665,Y8 blade,,2,,
SANY p29 L9,2-13,GJB005009704 schematic diagram of blade of 8m3 right turning mixing cylinder,9,GJB005009664,Y9 blade,,2,,
SANY p29 L10,2-13,GJB005009704 schematic diagram of blade of 8m3 right turning mixing cylinder,10,GJB005009697,Y10 blade,,2,,
SANY p29 L11,2-13,GJB005009704 schematic diagram of blade of 8m3 right turning mixing cylinder,11,GJB005009583,Y11 blade,,2,,
SANY p29 L12,2-13,GJB005009704 schematic diagram of blade of 8m3 right turning mixing cylinder,12,GJB005009580,Y12 blade,,2,,
SANY p29 L13,2-13,GJB005009704 schematic diagram of blade of 8m3 right turning mixing cylinder,13,GJB005009579,Y13 blade,,2,,
SANY p29 L14,2-13,GJB005009704 schematic diagram of blade of 8m3 right turning mixing cylinder,14,13586367,Auxiliary Blade,,2,,
SANY p29 L15,2-13,GJB005009704 schematic diagram of blade of 8m3 right turning mixing cylinder,15,13586368,Expansion Wing,,2,,
SANY p29 L16,2-13,GJB005009704 schematic diagram of blade of 8m3 right turning mixing cylinder,16,A810302000197,-,,8,2-14,
SANY p29 L17,2-13,GJB005009704 schematic diagram of blade of 8m3 right turning mixing cylinder,17,GJB004758834,loading cone,,1,2-16,
SANY p29 L18,2-13,GJB005009704 schematic diagram of blade of 8m3 right turning mixing cylinder,18,12297258,joint blade,,2,,
SANY p29 L19,2-13,GJB005009704 schematic diagram of blade of 8m3 right turning mixing cylinder,19,A820101039670,-,,2,,
SANY p31 L1,2-15,A810302000197 -,1,A820101027068,Agitation Board,,1,,
SANY p31 L2,2-15,A810302000197 -,2,13247260,Mixing Rod,,2,,
SANY p33 L1,2-17,GJB004758834 loading cone,1,GJB004758821,loading cone,,1,,
SANY p33 L2,2-17,GJB004758834 loading cone,2,14124154,loading cylinder,,1,,
SANY p35 L1,2-19,GJB007193761 Instrument monitor device,1,12333139,Rear Side Symbol Lamp Electric Harness Assembly,,1,,
SANY p35 L2,2-19,GJB007193761 Instrument monitor device,2,14267189,Harness Assembly of Rear Hight Light and Work Light,,1,,
SANY p35 L3,2-19,GJB007193761 Instrument monitor device,3,A241100000555,Side Lamp,,6,,
SANY p35 L4,2-19,GJB007193761 Instrument monitor device,4,60262611,Electronic Throttle,,1,,
SANY p35 L5,2-19,GJB007193761 Instrument monitor device,5,B241100000292,Back Light,,1,,
SANY p35 L6,2-19,GJB007193761 Instrument monitor device,6,A241100000556,Clearance Lamp,,2,,
SANY p35 L7,2-19,GJB007193761 Instrument monitor device,7,60144887,Nut,,4,,
SANY p35 L8,2-19,GJB007193761 Instrument monitor device,8,60144915,Bolt,,2,,
SANY p35 L9,2-19,GJB007193761 Instrument monitor device,9,60078169,Nut,,2,,
SANY p35 L10,2-19,GJB007193761 Instrument monitor device,10,A210210000026,Screw,,12,,
SANY p35 L11,2-19,GJB007193761 Instrument monitor device,11,A210405000004,Washer,,8,,
SANY p35 L12,2-19,GJB007193761 Instrument monitor device,12,A210401000013,Washer,,12,,
SANY p35 L13,2-19,GJB007193761 Instrument monitor device,13,A210307000014,Nut,,8,,
SANY p35 L14,2-19,GJB007193761 Instrument monitor device,14,140599000010A,Speed Sensor,,1,,
SANY p37 L1,2-21,GJB007167731 Water supply,1,GJB007167734,Front Water supply,,1,2-22,
SANY p37 L2,2-21,GJB007167731 Water supply,2,GJB007167733,Water supply,,1,2-34,
SANY p37 L3,2-21,GJB007167731 Water supply,3,GJB004810789,"Bracket,water supply",,1,,
SANY p37 L4,2-21,GJB007167731 Water supply,4,12486196,40 water tube clamp,,3,,
SANY p37 L5,2-21,GJB007167731 Water supply,5,10024837,U-shaped Bolt,,1,,
SANY p37 L6,2-21,GJB007167731 Water supply,6,60078169,Nut,,9,,
SANY p37 L7,2-21,GJB007167731 Water supply,7,60265717,Bolt,,7,,
SANY p37 L8,2-21,GJB007167731 Water supply,8,GJB007167729,water pipe assembly,,1,,
SANY p37 L9,2-21,GJB007167731 Water supply,9,GJB007200253,pipe nip,,1,,
SANY p39 L1,2-23,GJB007167734 Front Water supply,1,A210110000201,Bolt,,4,,
SANY p39 L2,2-23,GJB007167734 Front Water supply,2,A210405000008,Washer,,4,,
SANY p39 L3,2-23,GJB007167734 Front Water supply,3,A210401000006,Washer,,4,,
SANY p39 L4,2-23,GJB007167734 Front Water supply,4,GJB005506829,Air Intake Tube,,1,,
SANY p39 L5,2-23,GJB007167734 Front Water supply,5,A220401000035,Check Valve,,1,,
SANY p39 L6,2-23,GJB007167734 Front Water supply,6,A229900006618,Gas Supply Adapter Fitting,,1,,
SANY p39 L7,2-23,GJB007167734 Front Water supply,7,A229900003218,Connector,,1,,
SANY p39 L8,2-23,GJB007167734 Front Water supply,8,60265717,Bolt,,2,,
SANY p39 L9,2-23,GJB007167734 Front Water supply,9,A229900005635,Tube Clip,,2,,
SANY p39 L10,2-23,GJB007167734 Front Water supply,10,60078169,Nut,,2,,
SANY p39 L11,2-23,GJB007167734 Front Water supply,11,12920167,Water Inlet Tube of Water Tank,,1,,
SANY p39 L12,2-23,GJB007167734 Front Water supply,12,A229900002031,T-type Anchor Ear,,4,,
SANY p39 L13,2-23,GJB007167734 Front Water supply,13,150599000042A,Water Tank Pressure Control Box,,1,2-24,
SANY p39 L14,2-23,GJB007167734 Front Water supply,14,60144892,Bolt,,2,,
SANY p39 L15,2-23,GJB007167734 Front Water supply,15,A210307000029,Nut,,4,,
SANY p39 L16,2-23,GJB007167734 Front Water supply,16,12920271,Gas Filled Tube,,1,,
SANY p39 L17,2-23,GJB007167734 Front Water supply,17,GJB005931560,Water Tank Installation Assembly,,1,2-26,
SANY p41 L1,2-25,150599000042A Water Tank Pressure Control Box,1,150599000042A006,Elbow,,1,,
SANY p41 L2,2-25,150599000042A Water Tank Pressure Control Box,2,150599000042A002,Housing,,1,,
SANY p41 L3,2-25,150599000042A Water Tank Pressure Control Box,3,150599000042A001,Handle,,1,,
SANY p41 L4,2-25,150599000042A Water Tank Pressure Control Box,4,150599000042A007,Elbow,,1,,
SANY p41 L5,2-25,150599000042A Water Tank Pressure Control Box,5,150599000042A005,Rear Cover,,1,,
SANY p41 L6,2-25,150599000042A Water Tank Pressure Control Box,6,150588000160A,Safety Valve,,1,,
SANY p41 L7,2-25,150599000042A Water Tank Pressure Control Box,7,150599000042A003,Pressure Relief Valve,,1,,
SANY p41 L8,2-25,150599000042A Water Tank Pressure Control Box,8,150599000042A004,Valve Body,,1,,
SANY p43 L1,2-27,GJB005931560 Water Tank Installation Assembly,1,GJB005904793,Water Tank,,1,2-28,
SANY p43 L2,2-27,GJB005931560 Water Tank Installation Assembly,2,60104194,Quick Coupler,,1,,
SANY p43 L3,2-27,GJB005931560 Water Tank Installation Assembly,3,GJB005931193,Water Tank Steel Strip,,2,2-30,
SANY p43 L4,2-27,GJB005931560 Water Tank Installation Assembly,4,60265732,Bolt,,4,,
SANY p43 L5,2-27,GJB005931560 Water Tank Installation Assembly,5,13581082,Water Gauge Assembly,,1,,
SANY p43 L6,2-27,GJB005931560 Water Tank Installation Assembly,6,GJB006192334,Tank Support Side Fender,,1,2-32,
SANY p43 L7,2-27,GJB005931560 Water Tank Installation Assembly,7,60144883,Nut,,2,,
SANY p45 L1,2-29,GJB005904793 Water Tank,1,GJB005904169,End Plate,,1,,
SANY p45 L2,2-29,GJB005904793 Water Tank,2,GJB005904180,Reinforcement Ring,,2,,
SANY p45 L3,2-29,GJB005904793 Water Tank,3,GJB005904189,Overflow Tube Adaptor,,2,,
SANY p45 L4,2-29,GJB005904793 Water Tank,4,GJB005904138,Steel Barrel,,1,,
SANY p45 L5,2-29,GJB005904793 Water Tank,5,GJB005904146,Water Tank Hug,,2,,
SANY p45 L6,2-29,GJB005904793 Water Tank,6,GJB005506800,Intake Joint,,1,,
SANY p45 L7,2-29,GJB005904793 Water Tank,7,GJB005904140,Water Tank Hug,,2,,
SANY p45 L8,2-29,GJB005904793 Water Tank,8,14545201,Inlet and Outlet Joint,,1,,
SANY p45 L9,2-29,GJB005904793 Water Tank,9,GJB005904158,End Plate,,1,,
SANY p45 L10,2-29,GJB005904793 Water Tank,10,GJB005904512,Water Gauge Tube,,2,,
SANY p47 L1,2-31,GJB005931193 Water Tank Steel Strip,1,A820101331157,Reinforced Plate,,1,,
SANY p47 L2,2-31,GJB005931193 Water Tank Steel Strip,2,GJB005931188,Annulus,,1,,
SANY p47 L3,2-31,GJB005931193 Water Tank Steel Strip,3,A820301016043,Guide Screw,,1,,
SANY p49 L1,2-33,GJB006192334 Tank Support Side Fender,1,GJB006192227,Main Installation Plate,,2,,
SANY p49 L2,2-33,GJB006192334 Tank Support Side Fender,2,GJB006192268,Side Fender,,2,,
SANY p49 L3,2-33,GJB006192334 Tank Support Side Fender,3,GJB006192313,Enveloped Plate,,1,,
SANY p49 L4,2-33,GJB006192334 Tank Support Side Fender,4,GJB006192318,Base Plate,,1,,
SANY p49 L5,2-33,GJB006192334 Tank Support Side Fender,5,GJB006192319,Mounting Plate,,2,,
SANY p49 L6,2-33,GJB006192334 Tank Support Side Fender,6,GJB006192328,Mounting Plate,,1,,
SANY p49 L7,2-33,GJB006192334 Tank Support Side Fender,7,GJB006192329,Annulus Installation Plate,,1,,
SANY p49 L8,2-33,GJB006192334 Tank Support Side Fender,8,GJB006192332,Inside Support Plate,,2,,
SANY p49 L9,2-33,GJB006192334 Tank Support Side Fender,9,A210307000017,Nut,,4,,
SANY p51 L1,2-35,GJB007167733 Water supply,1,12693469,Nozzle,,2,,
SANY p51 L2,2-35,GJB007167733 Water supply,2,A220400000005,Ball Valve,,2,,
SANY p51 L3,2-35,GJB007167733 Water supply,3,10125740,Transition Fitting,,2,,
SANY p51 L4,2-35,GJB007167733 Water supply,4,10545902,Spring Steel Wire,,1,,
SANY p51 L5,2-35,GJB007167733 Water supply,5,A820301017118,U Bolt,,2,,
SANY p51 L6,2-35,GJB007167733 Water supply,6,13320088,Flushing Elbow Tube,,1,,
SANY p51 L7,2-35,GJB007167733 Water supply,7,60078169,Nut,,8,,
SANY p51 L8,2-35,GJB007167733 Water supply,8,GJB005034980,Water Tube Support,,1,,
SANY p51 L9,2-35,GJB007167733 Water supply,9,A210307000017,Nut,,6,,
SANY p51 L10,2-35,GJB007167733 Water supply,10,10024837,U-shaped Bolt,,2,,
SANY p51 L11,2-35,GJB007167733 Water supply,11,A210770000326,Elbow,,1,,
SANY p51 L12,2-35,GJB007167733 Water supply,12,10038030,Transition Fitting,,2,,
SANY p51 L13,2-35,GJB007167733 Water supply,13,13320077,Blade Flushing Pipe,,1,,
SANY p51 L14,2-35,GJB007167733 Water supply,14,10941547,Water Pipe Nameplate,,1,,
SANY p51 L15,2-35,GJB007167733 Water supply,15,12920225,Lower Free Flushing Pipe,,1,,
SANY p51 L16,2-35,GJB007167733 Water supply,16,12920262,Upper Free Flushing Pipe,,1,,
SANY p51 L17,2-35,GJB007167733 Water supply,17,13320085,Hopper Connecting Water Pipe,,1,,
SANY p51 L18,2-35,GJB007167733 Water supply,18,A229900003847,Clamp,,6,,
SANY p51 L19,2-35,GJB007167733 Water supply,19,60144904,Bolt,,6,,
SANY p51 L20,2-35,GJB007167733 Water supply,20,A229900002962,Clamp,,11,,
SANY p51 L21,2-35,GJB007167733 Water supply,21,GJB005420345,Upper Free Connecting Pipe,,1,,
SANY p53 L1,2-37,GJB006535510 Unloading device,1,GJB006541322,Lengthening strip,,1,,
SANY p53 L2,2-37,GJB006535510 Unloading device,2,60265717,Bolt,,11,,
SANY p53 L3,2-37,GJB006535510 Unloading device,3,A210401000017,Washer,,11,,
SANY p53 L4,2-37,GJB006535510 Unloading device,4,A210404000005,Washer,,11,,
SANY p53 L5,2-37,GJB006535510 Unloading device,5,A210336000004,Nut,,11,,
SANY p53 L6,2-37,GJB006535510 Unloading device,6,10059392,Batten,,3,,
SANY p53 L7,2-37,GJB006535510 Unloading device,7,A210111000118,Bolt,,6,,
SANY p53 L8,2-37,GJB006535510 Unloading device,8,A210404000004,Washer,,12,,
SANY p53 L9,2-37,GJB006535510 Unloading device,9,A210307000031,Nut,,12,,
SANY p53 L10,2-37,GJB006535510 Unloading device,10,GJB006309235,Discharge Hopper,,1,2-38,
SANY p53 L11,2-37,GJB006535510 Unloading device,11,GJB006541323,Batten Ⅰ,,1,,
SANY p55 L1,2-39,GJB006309235 Discharge Hopper,1,GJB006309237,Hopper,,1,,
SANY p55 L2,2-39,GJB006309235 Discharge Hopper,2,GJB006309236,Hopper,,1,,
SANY p55 L3,2-39,GJB006309235 Discharge Hopper,3,GJB006309238,Lengthening strip,,1,,
SANY p55 L4,2-39,GJB006309235 Discharge Hopper,4,GJB004813219,Wearing Plate,,2,,
SANY p57 L1,2-41,GJB006993742 Feeding device,1,A210336000004,Nut,,11,,
SANY p57 L2,2-41,GJB006993742 Feeding device,2,A210401000017,Washer,,12,,
SANY p57 L3,2-41,GJB006993742 Feeding device,3,A820101337922,Feed Hopper Batten,,1,,
SANY p57 L4,2-41,GJB006993742 Feeding device,4,A210404000005,Washer,,23,,
SANY p57 L5,2-41,GJB006993742 Feeding device,5,60210233,Nut,,4,,
SANY p57 L6,2-41,GJB006993742 Feeding device,6,A820606030712,Feed Hopper Rubber Plate,,1,,
SANY p57 L7,2-41,GJB006993742 Feeding device,7,A210307000031,Nut,,4,,
SANY p57 L8,2-41,GJB006993742 Feeding device,8,A210111000091,Bolt,,12,,
SANY p57 L9,2-41,GJB006993742 Feeding device,9,12946756,Rubber Hose Clamp,,1,,
SANY p57 L10,2-41,GJB006993742 Feeding device,10,A210111000118,Bolt,,6,,
SANY p57 L11,2-41,GJB006993742 Feeding device,11,11866509,Buttom Plate,,4,,
SANY p57 L12,2-41,GJB006993742 Feeding device,12,12843641,Rear Supporting Frame,,1,,
SANY p57 L13,2-41,GJB006993742 Feeding device,13,A210307000001,Nut,,4,,
SANY p57 L14,2-41,GJB006993742 Feeding device,14,11399462,Locking Gasket,,2,,
SANY p57 L15,2-41,GJB006993742 Feeding device,15,11216750,Feed Hopper Connection Seat,,1,,
SANY p57 L16,2-41,GJB006993742 Feeding device,16,A210307000012,Nut,,1,,
SANY p57 L17,2-41,GJB006993742 Feeding device,17,60210231,Bolt,,4,,
SANY p57 L18,2-41,GJB006993742 Feeding device,18,GJB006309233,Left/Right Support,,2,,
SANY p57 L19,2-41,GJB006993742 Feeding device,19,A210111000447,Bolt,,6,,
SANY p57 L20,2-41,GJB006993742 Feeding device,20,12849643,Buttom Plate,,4,,
SANY p57 L21,2-41,GJB006993742 Feeding device,21,A210319000023,Nut,,6,,
SANY p57 L22,2-41,GJB006993742 Feeding device,22,A210111000198,Bolt,,2,,
SANY p57 L23,2-41,GJB006993742 Feeding device,23,GJB004839927,Feed Hopper Lower Rubber Plate,,1,,
SANY p57 L24,2-41,GJB006993742 Feeding device,24,12842070,Batten Component,,1,,
SANY p57 L25,2-41,GJB006993742 Feeding device,25,GJB006701784,Feed hopper,,1,,
SANY p57 L26,2-41,GJB006993742 Feeding device,26,A210401000002,Washer,,4,,
SANY p59 L1,2-43,GJB006374363 Discharge device,1,A810305000100,Major Groove Support,,1,,
SANY p59 L2,2-43,GJB006374363 Discharge device,2,11450618,Support Tube,,1,,
SANY p59 L3,2-43,GJB006374363 Discharge device,3,GJB004840680,Master Groove Assembly,,1,2-44,
SANY p59 L4,2-43,GJB006374363 Discharge device,4,A810302000178,Handle Component,,1,2-46,
SANY p59 L5,2-43,GJB006374363 Discharge device,5,A210405000001,Washer,,2,,
SANY p59 L6,2-43,GJB006374363 Discharge device,6,A210405000011,Washer,,4,,
SANY p59 L7,2-43,GJB006374363 Discharge device,7,A210111000030,Bolt,,1,,
SANY p59 L8,2-43,GJB006374363 Discharge device,8,A210307000017,Nut,,2,,
SANY p59 L9,2-43,GJB006374363 Discharge device,9,11936698,Connecting Bracket,,1,,
SANY p59 L10,2-43,GJB006374363 Discharge device,10,A210804000002,Oil Cup,,1,,
SANY p59 L11,2-43,GJB006374363 Discharge device,11,A290000001564,Nozzle Protective Cap,,1,,
SANY p59 L12,2-43,GJB006374363 Discharge device,12,12911880,Hopper Component,,1,2-48,
SANY p59 L13,2-43,GJB006374363 Discharge device,13,11936712,Handle,,1,,
SANY p59 L14,2-43,GJB006374363 Discharge device,14,12796997,Support Arm,,1,,
SANY p59 L15,2-43,GJB006374363 Discharge device,15,A210508000062,Pin,,1,,
SANY p59 L16,2-43,GJB006374363 Discharge device,16,A210491000017,Pin,,1,,
SANY p59 L17,2-43,GJB006374363 Discharge device,17,A210508000013,Pin Shaft,,2,,
SANY p59 L18,2-43,GJB006374363 Discharge device,18,A210501000035,Pin,,2,,
SANY p59 L19,2-43,GJB006374363 Discharge device,19,A210405000003,Washer,,2,,
SANY p59 L20,2-43,GJB006374363 Discharge device,20,A210508000100,Pin,,2,,
SANY p59 L21,2-43,GJB006374363 Discharge device,21,A210491000014,Pin,,2,,
SANY p59 L22,2-43,GJB006374363 Discharge device,22,A210110000445,Bolt,,1,,
SANY p59 L23,2-43,GJB006374363 Discharge device,23,A210307000029,Nut,,4,,
SANY p59 L24,2-43,GJB006374363 Discharge device,24,A210110000300,Bolt,,1,,
SANY p59 L25,2-43,GJB006374363 Discharge device,25,11682405,Left Torsion Spring,,1,,
SANY p59 L26,2-43,GJB006374363 Discharge device,26,11682426,Right Torsion Spring,,1,,
SANY p61 L1,2-45,GJB004840680 Master Groove Assembly,1,A210336000004,Nut,,8,,
SANY p61 L2,2-45,GJB004840680 Master Groove Assembly,2,A210401000017,Washer,,8,,
SANY p61 L3,2-45,GJB004840680 Master Groove Assembly,3,A210405000007,Washer,,8,,
SANY p61 L4,2-45,GJB004840680 Master Groove Assembly,4,12345858,Handle,,2,,
SANY p61 L5,2-45,GJB004840680 Master Groove Assembly,5,11936731,Left Connecting Seat,,1,,
SANY p61 L6,2-45,GJB004840680 Master Groove Assembly,6,60265717,Bolt,,4,,
SANY p61 L7,2-45,GJB004840680 Master Groove Assembly,7,11936733,Right Connecting Seat,,1,,
SANY p61 L8,2-45,GJB004840680 Master Groove Assembly,8,GJB004840675,Master Groove,,1,,
SANY p63 L1,2-47,A810302000178 Handle Component,1,A820301017606,Handle,,1,,
SANY p63 L2,2-47,A810302000178 Handle Component,2,A820606011150,Handle Sleeve,,1,,
SANY p65 L1,2-49,12911880 Hopper Component,1,12911881,Hopper Welding Component,,1,2-50,
SANY p65 L2,2-49,12911880 Hopper Component,2,11936701,Hanging Plate,,1,,
SANY p65 L3,2-49,12911880 Hopper Component,3,11936709,Handle,,1,,
SANY p65 L4,2-49,12911880 Hopper Component,4,60144915,Bolt,,3,,
SANY p65 L5,2-49,12911880 Hopper Component,5,60078169,Nut,,3,,
SANY p65 L6,2-49,12911880 Hopper Component,6,A210609000091,O-ring,,2,,
SANY p65 L7,2-49,12911880 Hopper Component,7,60144904,Bolt,,2,,
SANY p67 L1,2-51,12911881 Hopper Welding Component,1,12911877,Hopper,,1,,
SANY p67 L2,2-51,12911881 Hopper Welding Component,2,12911878,Cushion Block,,2,,
SANY p67 L3,2-51,12911881 Hopper Welding Component,3,12911879,Fixed Rod,,1,,
SANY p69 L1,2-53,12790667 Riding Wheel,1,12790625,Riding Wheel,,1,2-54,
SANY p69 L2,2-53,12790667 Riding Wheel,2,A290000002660,"Protective Cap, Nozzle",,1,,
SANY p69 L3,2-53,12790667 Riding Wheel,3,11041846,Washer,,4,,
SANY p69 L4,2-53,12790667 Riding Wheel,4,A210110000201,Bolt,,4,,
SANY p69 L5,2-53,12790667 Riding Wheel,5,A210422000003,Spring Washer,,4,,
SANY p69 L6,2-53,12790667 Riding Wheel,6,A210307000029,Nut,,4,,
SANY p69 L7,2-53,12790667 Riding Wheel,7,12788973,Riding Wheel Cover,,1,,
SANY p69 L8,2-53,12790667 Riding Wheel,8,11349772,Riding Wheel Cover,,1,,
SANY p69 L9,2-53,12790667 Riding Wheel,9,60144904,Bolt,,10,,
SANY p71 L1,2-55,12790625 Riding Wheel,1,A210804000002,Oil Cup,,1,,
SANY p71 L2,2-55,12790625 Riding Wheel,2,A210308000028,Nut,,1,,
SANY p71 L3,2-55,12790625 Riding Wheel,3,A210411000004,Spacer,,1,,
SANY p71 L4,2-55,12790625 Riding Wheel,4,12790416,Supporting Bracket,,1,,
SANY p71 L5,2-55,12790625 Riding Wheel,5,A820301016627,Shaft,,1,,
SANY p71 L6,2-55,12790625 Riding Wheel,6,A210661000022,Steel Ball,,1,,
SANY p71 L7,2-55,12790625 Riding Wheel,7,A210619000004,Spring,,1,,
SANY p71 L8,2-55,12790625 Riding Wheel,8,11644882,Screw Plug,,1,,
SANY p71 L9,2-55,12790625 Riding Wheel,9,12789152,Clamp Plate,,1,,
SANY p71 L10,2-55,12790625 Riding Wheel,10,A290000002660,"Protective Cap, Nozzle",,1,,
SANY p71 L11,2-55,12790625 Riding Wheel,11,60265732,Bolt,,2,,
SANY p71 L12,2-55,12790625 Riding Wheel,12,A210304000014,Nut,,2,,
SANY p71 L13,2-55,12790625 Riding Wheel,13,A230101000257,Oil Seal,,2,,
SANY p71 L14,2-55,12790625 Riding Wheel,14,11646188,Bearing Cover,,2,,
SANY p71 L15,2-55,12790625 Riding Wheel,15,B221500000285,Bearing,,2,,
SANY p71 L16,2-55,12790625 Riding Wheel,16,A820301016626,Roller Wheel,,1,,
SANY p73 L1,2-57,GJB004840171 Lock Rack Device,1,61028566,Nut,,4,,
SANY p73 L2,2-57,GJB004840171 Lock Rack Device,2,60207150,Bolt,,4,,
SANY p73 L3,2-57,GJB004840171 Lock Rack Device,3,12638999,Locking Frame,,1,2-58,
SANY p73 L4,2-57,GJB004840171 Lock Rack Device,4,120105130091A,Hinge Pin,,1,,
SANY p73 L5,2-57,GJB004840171 Lock Rack Device,5,GJB005034978,Spacer Bush,,2,,
SANY p73 L6,2-57,GJB004840171 Lock Rack Device,6,GJB004840170,Lock Rod,,1,2-60,
SANY p73 L7,2-57,GJB004840171 Lock Rack Device,7,A210405000008,Washer,,1,,
SANY p73 L8,2-57,GJB004840171 Lock Rack Device,8,A210491000017,Pin,,1,,
SANY p73 L9,2-57,GJB004840171 Lock Rack Device,9,A210111000030,Bolt,,1,,
SANY p73 L10,2-57,GJB004840171 Lock Rack Device,10,A820301030051,Tension Spring,,1,,
SANY p73 L11,2-57,GJB004840171 Lock Rack Device,11,A210405000011,Washer,,2,,
SANY p73 L12,2-57,GJB004840171 Lock Rack Device,12,A210307000017,Nut,,3,,
SANY p75 L1,2-59,12638999 Locking Frame,1,12638998,Locking Beam,,1,,
SANY p75 L2,2-59,12638999 Locking Frame,2,11080627,Seat Board,,1,,
SANY p75 L3,2-59,12638999 Locking Frame,3,11080652,Support Plate,,1,,
SANY p77 L1,2-61,GJB004840170 Lock Rod,1,A210352000001,Nut,,2,,
SANY p77 L2,2-61,GJB004840170 Lock Rod,2,10145296,Locking Rack Handle,,1,,
SANY p77 L3,2-61,GJB004840170 Lock Rod,3,GJB005034979,Locking Frame,,1,,
SANY p77 L4,2-61,GJB004840170 Lock Rod,4,60265734,Bolt,,2,,
SANY p79 L1,2-63,GJB004761517 Fence for Anti-Collision,1,GJB004761415,Hit Crossbeam,,1,2-64,
SANY p79 L2,2-63,GJB004761517 Fence for Anti-Collision,2,60292205,Bolt,,8,,
SANY p79 L3,2-63,GJB004761517 Fence for Anti-Collision,3,61028577,Nut,,8,,
SANY p79 L4,2-63,GJB004761517 Fence for Anti-Collision,4,60207790,Bolt,,4,,
SANY p81 L1,2-65,GJB004761415 Hit Crossbeam,1,11105571,Reinforced Plate,,2,,
SANY p81 L2,2-65,GJB004761415 Hit Crossbeam,2,14512740,Crossbeam,,1,,
SANY p81 L3,2-65,GJB004761415 Hit Crossbeam,3,14513856,Right supporting board,,1,,
SANY p81 L4,2-65,GJB004761415 Hit Crossbeam,4,14513853,Left supporting board,,1,,
SANY p81 L5,2-65,GJB004761415 Hit Crossbeam,5,14427423,Sealing Board,,2,,
SANY p83 L1,2-67,GJB005682900 Tail lamp support,1,GJB004840030,Left Taillight Support,,1,2-68,
SANY p83 L2,2-67,GJB005682900 Tail lamp support,2,GJB004840035,Left Taillight Support,,1,2-70,
SANY p83 L3,2-67,GJB005682900 Tail lamp support,3,13303027,License Plate,,1,,
SANY p83 L4,2-67,GJB005682900 Tail lamp support,4,60144915,Bolt,,2,,
SANY p83 L5,2-67,GJB005682900 Tail lamp support,5,60078169,Nut,,2,,
SANY p85 L1,2-69,GJB004840030 Left Taillight Support,1,GJB004840028,Fixed plate,,1,,
SANY p85 L2,2-69,GJB004840030 Left Taillight Support,2,GJB004840025,top plate,,1,,
SANY p85 L3,2-69,GJB004840030 Left Taillight Support,3,GJB004840024,Left Supporting Frame,,1,,
SANY p85 L4,2-69,GJB004840030 Left Taillight Support,4,13853520,License plate Bracket,,1,,
SANY p85 L5,2-69,GJB004840030 Left Taillight Support,5,GJB005204367,bent steel,,1,,
SANY p85 L6,2-69,GJB004840030 Left Taillight Support,6,GJB005204395,small footplate,,1,,
SANY p85 L7,2-69,GJB004840030 Left Taillight Support,7,GJB005075154,Tailight bracket base plate,,2,,
SANY p85 L8,2-69,GJB004840030 Left Taillight Support,8,GJB005204396,Stiffener,,1,,
SANY p85 L9,2-69,GJB004840030 Left Taillight Support,9,GJB005204397,Stiffener,,1,,
SANY p85 L10,2-69,GJB004840030 Left Taillight Support,10,GJB005281058,back plate,,1,,
SANY p87 L1,2-71,GJB004840035 Left Taillight Support,1,GJB004840028,Fixed plate,,1,,
SANY p87 L2,2-71,GJB004840035 Left Taillight Support,2,GJB004840032,top plate,,1,,
SANY p87 L3,2-71,GJB004840035 Left Taillight Support,3,GJB004840031,Left Supporting Frame,,1,,
SANY p87 L4,2-71,GJB004840035 Left Taillight Support,4,GJB005204367,bent steel,,1,,
SANY p87 L5,2-71,GJB004840035 Left Taillight Support,5,GJB005204395,small footplate,,1,,
SANY p87 L6,2-71,GJB004840035 Left Taillight Support,6,GJB005075154,Tailight bracket base plate,,2,,
SANY p87 L7,2-71,GJB004840035 Left Taillight Support,7,GJB005204396,Stiffener,,1,,
SANY p87 L8,2-71,GJB004840035 Left Taillight Support,8,GJB005204397,Stiffener,,1,,
SANY p87 L9,2-71,GJB004840035 Left Taillight Support,9,GJB005281058,back plate,,1,,
SANY p89 L1,2-73,GJB007311984 wheel house assembly,1,60078169,Nut,,36,,
SANY p89 L2,2-73,GJB007311984 wheel house assembly,2,60200335,Nut,,8,,
SANY p89 L3,2-73,GJB007311984 wheel house assembly,3,GJB005695128,Wheel housing bracket,,8,2-74,
SANY p89 L4,2-73,GJB007311984 wheel house assembly,4,60265724,Bolt,,8,,
SANY p89 L5,2-73,GJB007311984 wheel house assembly,5,60259431,Bolt,,8,,
SANY p89 L6,2-73,GJB007311984 wheel house assembly,6,GJB004677162,Flat-top wheel cover,,2,2-76,
SANY p89 L7,2-73,GJB007311984 wheel house assembly,7,GJB005442346,Baffle Curtain,,4,,
SANY p89 L8,2-73,GJB007311984 wheel house assembly,8,60144915,Bolt,,20,,
SANY p89 L9,2-73,GJB007311984 wheel house assembly,9,GJB004837025,Baffle Curtain,,2,2-80,
SANY p89 L10,2-73,GJB007311984 wheel house assembly,10,60265717,Bolt,,8,,
SANY p89 L11,2-73,GJB007311984 wheel house assembly,11,GJB005694227,Plate,,1,,
SANY p89 L12,2-73,GJB007311984 wheel house assembly,12,GJB004677158,Flat-top wheel cover,,2,2-82,
SANY p91 L1,2-75,GJB005695128 Wheel housing bracket,1,GJB005695087,Supporting tube,,1,,
SANY p91 L2,2-75,GJB005695128 Wheel housing bracket,2,GJB004694184,Connecting plate,,1,,
SANY p91 L3,2-75,GJB005695128 Wheel housing bracket,3,GJB004694183,Mounting base,,1,,
SANY p93 L1,2-77,GJB004677162 Flat-top wheel cover,1,GJB004772382,Plate Whole,,1,2-78,
SANY p93 L2,2-77,GJB004677162 Flat-top wheel cover,2,14499445,Mudguard adjusting pressure-plate,,4,,
SANY p93 L3,2-77,GJB004677162 Flat-top wheel cover,3,GJB004700779,Inner Fender Batten,,4,,
SANY p93 L4,2-77,GJB004677162 Flat-top wheel cover,4,GJB004700780,Rubber inner baffle,,1,,
SANY p95 L1,2-79,GJB004772382 Plate Whole,1,GJB004677160,Flat-top wheel cover,,1,,
SANY p95 L2,2-79,GJB004772382 Plate Whole,2,GJB005793919,Plate,,1,,
SANY p97 L1,2-81,GJB004837025 Baffle Curtain,1,60078169,Nut,,3,,
SANY p97 L2,2-81,GJB004837025 Baffle Curtain,2,60265717,Bolt,,3,,
SANY p97 L3,2-81,GJB004837025 Baffle Curtain,3,GJB004836897,Baffle Curtain,,1,,
SANY p97 L4,2-81,GJB004837025 Baffle Curtain,4,GJB004836958,Baffle Curtain,,1,,
SANY p99 L1,2-83,GJB004677158 Flat-top wheel cover,1,GJB004772264,Plate Whole,,1,2-84,
SANY p99 L2,2-83,GJB004677158 Flat-top wheel cover,2,14499445,Mudguard adjusting pressure-plate,,4,,
SANY p99 L3,2-83,GJB004677158 Flat-top wheel cover,3,GJB004700779,Inner Fender Batten,,4,,
SANY p99 L4,2-83,GJB004677158 Flat-top wheel cover,4,GJB004700780,Rubber inner baffle,,1,,
SANY p101 L1,2-85,GJB004772264 Plate Whole,1,GJB004699657,Flat-top wheel cover,,1,,
SANY p101 L2,2-85,GJB004772264 Plate Whole,2,GJB004677163,Reinforcement rib wheel cover,,2,,
SANY p103 L1,2-87,GJB007087105 Left-hand guard rail,1,GJB004631527,Sides Guardrail Longitudinal Beam,,2,,
SANY p103 L2,2-87,GJB007087105 Left-hand guard rail,2,60265732,Bolt,,10,,
SANY p103 L3,2-87,GJB007087105 Left-hand guard rail,3,GJB005015704,left Support,,1,,
SANY p103 L4,2-87,GJB007087105 Left-hand guard rail,4,61028577,Nut,,8,,
SANY p103 L5,2-87,GJB007087105 Left-hand guard rail,5,60210231,Bolt,,4,,
SANY p103 L6,2-87,GJB007087105 Left-hand guard rail,6,A210352000001,Nut,,6,,
SANY p103 L7,2-87,GJB007087105 Left-hand guard rail,7,14435646,Cross Beam,,2,,
SANY p103 L8,2-87,GJB007087105 Left-hand guard rail,8,13534870,Pressure Plate,,4,,
SANY p103 L9,2-87,GJB007087105 Left-hand guard rail,9,61003891,Nut,,4,,
SANY p103 L10,2-87,GJB007087105 Left-hand guard rail,10,60207790,Bolt,,4,,
SANY p103 L11,2-87,GJB007087105 Left-hand guard rail,11,GJB005015690,right Support,,1,,
SANY p105 L1,2-89,GJB005637317 Auxiliary Chute Component,1,120102990036A,Nut,,4,,
SANY p105 L2,2-89,GJB005637317 Auxiliary Chute Component,2,GJB004820533,Fixed Board of Auiliary Chute,,2,,
SANY p105 L3,2-89,GJB005637317 Auxiliary Chute Component,3,A210203000005,Screw,,6,,
SANY p105 L4,2-89,GJB005637317 Auxiliary Chute Component,4,GJB005789315,Lock Catch,,2,,
SANY p105 L5,2-89,GJB005637317 Auxiliary Chute Component,5,60243535,Nut,,6,,
SANY p105 L6,2-89,GJB005637317 Auxiliary Chute Component,6,60144899,Bolt,,4,,
SANY p105 L7,2-89,GJB005637317 Auxiliary Chute Component,7,GJB005068104,Crash Pad,,2,,
SANY p105 L8,2-89,GJB005637317 Auxiliary Chute Component,8,GJB004820534,Auiliary Chute Bracket,,2,,
SANY p105 L9,2-89,GJB005637317 Auxiliary Chute Component,9,A820101990562,Rubber Pad,,2,,
SANY p105 L10,2-89,GJB005637317 Auxiliary Chute Component,10,GJB005069927,Auxiliary Chute Assembly,,1,2-90,
SANY p107 L1,2-91,GJB005069927 Auxiliary Chute Assembly,1,GJB004998321,Auxiliary Groove,,1,2-92,
SANY p107 L2,2-91,GJB005069927 Auxiliary Chute Assembly,2,10826364,Connecting Board,,1,,
SANY p107 L3,2-91,GJB005069927 Auxiliary Chute Assembly,3,10826357,Connecting Board,,1,,
SANY p107 L4,2-91,GJB005069927 Auxiliary Chute Assembly,4,60144916,Bolt,,4,,
SANY p107 L5,2-91,GJB005069927 Auxiliary Chute Assembly,5,A210405000007,Washer,,4,,
SANY p107 L6,2-91,GJB005069927 Auxiliary Chute Assembly,6,A210401000017,Washer,,4,,
SANY p107 L7,2-91,GJB005069927 Auxiliary Chute Assembly,7,A210336000004,Nut,,4,,
SANY p109 L1,2-93,GJB004998321 Auxiliary Groove,1,A210111000089,Bolt,,8,,
SANY p109 L2,2-93,GJB004998321 Auxiliary Groove,2,A210405000007,Washer,,8,,
SANY p109 L3,2-93,GJB004998321 Auxiliary Groove,3,A210401000017,Washer,,8,,
SANY p109 L4,2-93,GJB004998321 Auxiliary Groove,4,A210336000004,Nut,,8,,
SANY p109 L5,2-93,GJB004998321 Auxiliary Groove,5,GJB004998317,Auxiliary Groove plate,,1,,
SANY p109 L6,2-93,GJB004998321 Auxiliary Groove,6,GJB004998322,Auxiliary Groove,,1,2-94,
SANY p111 L1,2-95,GJB004998322 Auxiliary Groove,1,GJB004998319,arc-shaped plate,,1,,
SANY p111 L2,2-95,GJB004998322 Auxiliary Groove,2,GJB004999031,Dead Plate,,2,,
SANY p113 L1,2-97,GJB007087106 Right-hand guard rail,1,GJB005015690,right Support,,2,,
SANY p113 L2,2-97,GJB007087106 Right-hand guard rail,2,GJB004631527,Sides Guardrail Longitudinal Beam,,2,,
SANY p113 L3,2-97,GJB007087106 Right-hand guard rail,3,14435646,Cross Beam,,2,,
SANY p113 L4,2-97,GJB007087106 Right-hand guard rail,4,13534870,Pressure Plate,,4,,
SANY p113 L5,2-97,GJB007087106 Right-hand guard rail,5,60265732,Bolt,,10,,
SANY p113 L6,2-97,GJB007087106 Right-hand guard rail,6,61003891,Nut,,4,,
SANY p113 L7,2-97,GJB007087106 Right-hand guard rail,7,A210352000001,Nut,,6,,
SANY p113 L8,2-97,GJB007087106 Right-hand guard rail,8,60207790,Bolt,,4,,
SANY p113 L9,2-97,GJB007087106 Right-hand guard rail,9,61028577,Nut,,8,,
SANY p113 L10,2-97,GJB007087106 Right-hand guard rail,10,60210231,Bolt,,4,,
SANY p115 L1,2-99,GJB007172636 Mixing Drum Driving System(Hightech),1,60066237,Reduction Gear,,1,2-100,
SANY p115 L2,2-99,GJB007172636 Mixing Drum Driving System(Hightech),2,A210308000023,Nut,,12,,
SANY p115 L3,2-99,GJB007172636 Mixing Drum Driving System(Hightech),3,A210491000132,Washer,,6,,
SANY p115 L4,2-99,GJB007172636 Mixing Drum Driving System(Hightech),4,B210780001181,Adapter Fitting,,1,,
SANY p115 L5,2-99,GJB007172636 Mixing Drum Driving System(Hightech),5,B230103001070,Hose,,1,,
SANY p115 L6,2-99,GJB007172636 Mixing Drum Driving System(Hightech),6,60204709,Air-cooled Radiator,,1,2-102,
SANY p115 L7,2-99,GJB007172636 Mixing Drum Driving System(Hightech),7,A210111000118,Bolt,,2,,
SANY p115 L8,2-99,GJB007172636 Mixing Drum Driving System(Hightech),8,A210307000031,Nut,,2,,
SANY p115 L9,2-99,GJB007172636 Mixing Drum Driving System(Hightech),9,13221192,Reducer Front Block,,2,,
SANY p115 L10,2-99,GJB007172636 Mixing Drum Driving System(Hightech),10,60240651,Amass Oil Box,,1,,
SANY p115 L11,2-99,GJB007172636 Mixing Drum Driving System(Hightech),11,A210770000631,"Fitting, Adapter",,1,,
SANY p115 L12,2-99,GJB007172636 Mixing Drum Driving System(Hightech),12,B210780001007,Tee Joint,,1,,
SANY p115 L13,2-99,GJB007172636 Mixing Drum Driving System(Hightech),13,A210609000155,O-ring,,1,,
SANY p115 L14,2-99,GJB007172636 Mixing Drum Driving System(Hightech),14,A210113000053,Bolt,,6,,
SANY p115 L15,2-99,GJB007172636 Mixing Drum Driving System(Hightech),15,21004046,"Fitting, Adapter",,1,,
SANY p115 L16,2-99,GJB007172636 Mixing Drum Driving System(Hightech),16,60210233,Nut,,4,,
SANY p115 L17,2-99,GJB007172636 Mixing Drum Driving System(Hightech),17,60210231,Bolt,,4,,
SANY p115 L18,2-99,GJB007172636 Mixing Drum Driving System(Hightech),18,150102010008A,Plunger Pump,,1,,
SANY p115 L19,2-99,GJB007172636 Mixing Drum Driving System(Hightech),19,B210780000054,Adapter Fitting,,1,,
SANY p115 L20,2-99,GJB007172636 Mixing Drum Driving System(Hightech),20,60016447,Pressure-measuring Fitting,,1,,
SANY p115 L21,2-99,GJB007172636 Mixing Drum Driving System(Hightech),21,B210780000004,Split Flange,,8,,
SANY p115 L22,2-99,GJB007172636 Mixing Drum Driving System(Hightech),22,A210204000227,Screw,,16,,
SANY p115 L23,2-99,GJB007172636 Mixing Drum Driving System(Hightech),23,B230103004044,Hose,,1,,
SANY p115 L24,2-99,GJB007172636 Mixing Drum Driving System(Hightech),24,B210780000316,"Fitting, Adapter",,1,,
SANY p115 L25,2-99,GJB007172636 Mixing Drum Driving System(Hightech),25,B230103004750,Hose,,1,,
SANY p115 L26,2-99,GJB007172636 Mixing Drum Driving System(Hightech),26,120101050130A,Bolt,,4,,
SANY p115 L27,2-99,GJB007172636 Mixing Drum Driving System(Hightech),27,150201010013A,Plunger Motor,,1,2-104,
SANY p115 L28,2-99,GJB007172636 Mixing Drum Driving System(Hightech),28,60210228,Bolt,,24,,
SANY p115 L29,2-99,GJB007172636 Mixing Drum Driving System(Hightech),29,B230101000215,O-ring,,4,,
SANY p115 L30,2-99,GJB007172636 Mixing Drum Driving System(Hightech),30,B230103004749,Hose Assembly,,1,,
SANY p115 L31,2-99,GJB007172636 Mixing Drum Driving System(Hightech),31,B230103003595,Rubber Hose,,1,,
SANY p117 L1,2-101,60066237 Reduction Gear,1,130103000196A017,Circlip,,1,,
SANY p117 L2,2-101,60066237 Reduction Gear,2,130103000196A016,Cover Plate,,1,,
SANY p117 L3,2-101,60066237 Reduction Gear,3,130103000197A023,Output Flange,,1,,
SANY p117 L4,2-101,60066237 Reduction Gear,4,130103000196A014,Gear Hub,,1,,
SANY p117 L5,2-101,60066237 Reduction Gear,5,130103000196A015,Self-locking Nut,,1,,
SANY p117 L6,2-101,60066237 Reduction Gear,6,130103000196A012,Sun Gear,,1,,
SANY p117 L7,2-101,60066237 Reduction Gear,7,130103000196A013,Sun Gear,,1,,
SANY p117 L8,2-101,60066237 Reduction Gear,8,130103000196A011,Second Level Planet Carrier,,1,,
SANY p117 L9,2-101,60066237 Reduction Gear,9,130103000196A010,Primary Planet Carrier,,1,,
SANY p117 L10,2-101,60066237 Reduction Gear,10,130103000197A018,Washer,,3,,
SANY p117 L11,2-101,60066237 Reduction Gear,11,130103000197A017,Washer,,3,,
SANY p117 L12,2-101,60066237 Reduction Gear,12,130103000196A008,Planet Gear Shaft,,3,,
SANY p117 L13,2-101,60066237 Reduction Gear,13,130103000196A009,Primary Planet Gear Shaft,,3,,
SANY p117 L14,2-101,60066237 Reduction Gear,14,130103000196A007,Housing,,1,,
SANY p117 L15,2-101,60066237 Reduction Gear,15,130103000196A006,Snap Ring,,1,,
SANY p117 L16,2-101,60066237 Reduction Gear,16,130103000196A005,Snap Ring,,6,,
SANY p117 L17,2-101,60066237 Reduction Gear,17,130103000197A011,Snap Ring,,6,,
SANY p117 L18,2-101,60066237 Reduction Gear,18,130103000197A010,Snap Ring,,1,,
SANY p117 L19,2-101,60066237 Reduction Gear,19,130103000197A002,Screw,,1,,
SANY p117 L20,2-101,60066237 Reduction Gear,20,130103000197A009,O-ring,,1,,
SANY p117 L21,2-101,60066237 Reduction Gear,21,130103000196A001,Screw,,1,,
SANY p117 L22,2-101,60066237 Reduction Gear,22,130103000197A008,Bearing,,3,,
SANY p117 L23,2-101,60066237 Reduction Gear,23,130103000196A004,Spherical Roller Bearing,,3,,
SANY p117 L24,2-101,60066237 Reduction Gear,24,130103000196A003,Spherical Roller Bearing,,1,,
SANY p117 L25,2-101,60066237 Reduction Gear,25,130103000196A002,Ball Bearing,,1,,
SANY p117 L26,2-101,60066237 Reduction Gear,26,918090300105,Thrust Bearing,,1,,
SANY p117 L27,2-101,60066237 Reduction Gear,27,60341470,Thrust Washer,,1,,
SANY p117 L28,2-101,60066237 Reduction Gear,28,60341471,Thrust Washer,,1,,
SANY p117 L29,2-101,60066237 Reduction Gear,29,130103000197A003,Screw,,2,,
SANY p119 L1,2-103,60204709 Air-cooled Radiator,1,60009273,Temperature Control Switch,,1,,
SANY p119 L2,2-103,60204709 Air-cooled Radiator,2,60251454,Straight Way Blower Assembly,,1,,
SANY p119 L3,2-103,60204709 Air-cooled Radiator,3,B222100000392,Oil Suction Filter Core,,1,,
SANY p119 L4,2-103,60204709 Air-cooled Radiator,4,60256244,Vacuum Meter,,1,,
SANY p119 L5,2-103,60204709 Air-cooled Radiator,5,151601020013B001,Filter,,1,,
SANY p121 L1,2-105,150201010013A Plunger Motor,1,150201010013A001,Casing Assembly,,1,2-106,
SANY p121 L2,2-105,150201010013A Plunger Motor,2,150201010013A002,Flange,,1,2-108,
SANY p121 L3,2-105,150201010013A Plunger Motor,3,150201010013A003,Rotator,,1,2-110,
SANY p121 L4,2-105,150201010013A Plunger Motor,4,150201010013A017,"Shaft, Main",,1,2-112,
SANY p121 L5,2-105,150201010013A Plunger Motor,5,150201010013A027,Cylider Block,,1,2-114,
SANY p123 L1,2-107,150201010013A001 Casing Assembly,1,150201010013A004,Housing,,1,,
SANY p123 L2,2-107,150201010013A001 Casing Assembly,2,150201010013A005,Flushing Valve,,1,,
SANY p123 L3,2-107,150201010013A001 Casing Assembly,3,150201010013A006,"Washer, Spring",,2,,
SANY p123 L4,2-107,150201010013A001 Casing Assembly,4,150201010013A007,Compression Spring,,2,,
SANY p123 L5,2-107,150201010013A001 Casing Assembly,5,150201010013A008,Screw,,2,,
SANY p123 L6,2-107,150201010013A001 Casing Assembly,6,150201010013A009,Shim,,1,,
SANY p123 L7,2-107,150201010013A001 Casing Assembly,7,150201010013A010,Spring,,1,,
SANY p123 L8,2-107,150201010013A001 Casing Assembly,8,150201010013A011,"Spool, Valve",,1,,
SANY p123 L9,2-107,150201010013A001 Casing Assembly,9,150201010013A016,Screw,,1,,
SANY p123 L10,2-107,150201010013A001 Casing Assembly,10,150201010013A012,Screw,,1,,
SANY p123 L11,2-107,150201010013A001 Casing Assembly,11,150201010013A013,Screw,,4,,
SANY p123 L12,2-107,150201010013A001 Casing Assembly,12,150201010013A014,Pin,,2,,
SANY p123 L13,2-107,150201010013A001 Casing Assembly,13,150201010013A015,Pin,,1,,
SANY p125 L1,2-109,150201010013A002 Flange,1,150201010013A017,"Shaft, Main",,1,,
SANY p125 L2,2-109,150201010013A002 Flange,2,150201010013A018,Flange,,1,,
SANY p125 L3,2-109,150201010013A002 Flange,3,150201010013A019,Shaft Seal,,1,,
SANY p125 L4,2-109,150201010013A002 Flange,4,150201010013A020,Retainer Ring,,1,,
SANY p125 L5,2-109,150201010013A002 Flange,5,150201010013A021,O-ring,,1,,
SANY p127 L1,2-111,150201010013A003 Rotator,1,150201010013A027,Cylider Block,,1,,
SANY p127 L2,2-111,150201010013A003 Rotator,3,150201010013A028,Pin,,1,,
SANY p127 L3,2-111,150201010013A003 Rotator,4,150201010013A029,Piston,,7,,
SANY p127 L4,2-111,150201010013A003 Rotator,5,150201010013A030,Spring,,1,,
SANY p127 L5,2-111,150201010013A003 Rotator,6,60152146,ADJUSTMENT SHIM,,1,,
SANY p129 L1,2-113,"150201010013A017 Shaft, Main",1,150201010013A022,"Shaft, Main",,1,,
SANY p129 L2,2-113,"150201010013A017 Shaft, Main",2,150201010013A023,Shim,,1,,
SANY p129 L3,2-113,"150201010013A017 Shaft, Main",3,60152365,BACK-UP PLATE,,1,,
SANY p129 L4,2-113,"150201010013A017 Shaft, Main",4,150201010013A024,"Ring, Retainer",,1,,
SANY p129 L5,2-113,"150201010013A017 Shaft, Main",5,150201010013A025,Bearing,,1,,
SANY p129 L6,2-113,"150201010013A017 Shaft, Main",6,150201010013A026,Bearing,,1,,
SANY p131 L1,2-115,150201010013A027 Cylider Block,1,150201010013A031,Cylider Block,,1,,
SANY p131 L2,2-115,150201010013A027 Cylider Block,2,150201010013A032,Valve Plate Cycloid Motor,,1,,
SANY p133 L1,2-117,GJB005026571 Rubber Liner Plates,1,11549156,Rubber Liner Plate,,8,,
SANY p133 L2,2-117,GJB005026571 Rubber Liner Plates,2,A210491000144,Washer,,32,,
SANY p133 L3,2-117,GJB005026571 Rubber Liner Plates,3,A210113000261,Bolt,,16,,
SANY p133 L4,2-117,GJB005026571 Rubber Liner Plates,4,A210319000024,Nut,,16,,
SANY p133 L5,2-117,GJB005026571 Rubber Liner Plates,5,A210491000118,Washer,,16,,
SANY p133 L6,2-117,GJB005026571 Rubber Liner Plates,6,A210113000025,Bolt,,8,,
SANY p133 L7,2-117,GJB005026571 Rubber Liner Plates,7,A210319000016,Nut,,8,,
SANY p133 L8,2-117,GJB005026571 Rubber Liner Plates,8,11549181,Rubber Liner Plate,,2,,
SANY p133 L9,2-117,GJB005026571 Rubber Liner Plates,9,12512793,U Bolt Assembly,,2,,
SANY p133 L10,2-117,GJB005026571 Rubber Liner Plates,10,A820101027354,Press Plate,,6,,
SANY p133 L11,2-117,GJB005026571 Rubber Liner Plates,11,A210308000023,Nut,,8,,
SANY p133 L12,2-117,GJB005026571 Rubber Liner Plates,12,10032928,U Bolt Assembly,,4,,
SANY p133 L13,2-117,GJB005026571 Rubber Liner Plates,13,A210307000029,Nut,,16,,
SANY p135 L1,2-119,GJB007085072 Mechanical operating system,1,GJB005380575,Support Abutment 1,,1,2-122,
SANY p135 L2,2-119,GJB007085072 Mechanical operating system,2,11308295,Rear Abutment Rocker Arm,,1,2-124,
SANY p135 L3,2-119,GJB007085072 Mechanical operating system,3,60265732,Bolt,,4,,
SANY p135 L4,2-119,GJB007085072 Mechanical operating system,4,60144880,Nut,,4,,
SANY p135 L5,2-119,GJB007085072 Mechanical operating system,5,GJB006665063,Control Support Abutment,,1,2-126,
SANY p135 L6,2-119,GJB007085072 Mechanical operating system,6,A820301016204,Pin Shaft,,1,,
SANY p135 L7,2-119,GJB007085072 Mechanical operating system,7,A820202004719,Spacer Sleeve,,1,,
SANY p135 L8,2-119,GJB007085072 Mechanical operating system,8,A210307000016,Nut,,4,,
SANY p135 L9,2-119,GJB007085072 Mechanical operating system,9,A810103000266,Long Swinging Rod,,1,2-130,
SANY p135 L10,2-119,GJB007085072 Mechanical operating system,10,60144912,Bolt,,8,,
SANY p135 L11,2-119,GJB007085072 Mechanical operating system,11,60144888,Nut,,8,,
SANY p135 L12,2-119,GJB007085072 Mechanical operating system,12,A210616000003,Spring,,1,,
SANY p135 L13,2-119,GJB007085072 Mechanical operating system,13,A210661000011,Steel Ball,,1,,
SANY p135 L14,2-119,GJB007085072 Mechanical operating system,14,GJB004821166,Spring,,1,,
SANY p135 L15,2-119,GJB007085072 Mechanical operating system,15,A820606011150,Handle Sleeve,,2,,
SANY p135 L16,2-119,GJB007085072 Mechanical operating system,18,A221500000022,Knuckle Bearing,,3,,
SANY p135 L17,2-119,GJB007085072 Mechanical operating system,22,A314150001074,Nut,,6,,
SANY p135 L18,2-119,GJB007085072 Mechanical operating system,24,131000000019A,Flexible Shaft,,1,,
SANY p135 L19,2-119,GJB007085072 Mechanical operating system,30,14051781,Governor Pull Rod,,1,,
SANY p135 L20,2-119,GJB007085072 Mechanical operating system,31,A229900004239,Knuckle Bearing,,1,,
SANY p135 L21,2-119,GJB007085072 Mechanical operating system,32,A210401000016,Washer,,1,,
SANY p135 L22,2-119,GJB007085072 Mechanical operating system,33,A210405000006,Washer,,1,,
SANY p137 L1,2-121,GJB007085072 Mechanical operating system,16,10488350,Rotating Shaft Seat,,2,2-132,
SANY p137 L2,2-121,GJB007085072 Mechanical operating system,17,GJB005163837,Front Abutment Rocker Arm,,1,2-134,
SANY p137 L3,2-121,GJB007085072 Mechanical operating system,18,A221500000022,Knuckle Bearing,,3,,
SANY p137 L4,2-121,GJB007085072 Mechanical operating system,19,12930532,Oil Pump Rod,,1,,
SANY p137 L5,2-121,GJB007085072 Mechanical operating system,20,10212843,Front Swing Rod of Oil Pump,,1,,
SANY p137 L6,2-121,GJB007085072 Mechanical operating system,21,A210401000001,Washer,,3,,
SANY p137 L7,2-121,GJB007085072 Mechanical operating system,22,A314150001074,Nut,,6,,
SANY p137 L8,2-121,GJB007085072 Mechanical operating system,23,60206670,Flexible Shaft,,1,,
SANY p137 L9,2-121,GJB007085072 Mechanical operating system,25,13546545,Non-bearing General Support,,2,,
SANY p137 L10,2-121,GJB007085072 Mechanical operating system,26,A229900004636,Tube Clip,,8,,
SANY p137 L11,2-121,GJB007085072 Mechanical operating system,27,A229900004637,Pipe Clamp Sleeve,,8,,
SANY p137 L12,2-121,GJB007085072 Mechanical operating system,28,60265717,Bolt,,18,,
SANY p137 L13,2-121,GJB007085072 Mechanical operating system,29,60078169,Nut,,18,,
SANY p137 L14,2-121,GJB007085072 Mechanical operating system,34,60265723,Bolt,,2,,
SANY p139 L1,2-123,GJB005380575 Support Abutment 1,1,GJB005380563,Connecting Stay Plate,,1,,
SANY p139 L2,2-123,GJB005380575 Support Abutment 1,2,GJB005380568,Reinforcement Plate,,1,,
SANY p141 L1,2-125,11308295 Rear Abutment Rocker Arm,1,10038217,Rotating Shaft Sleeve,,1,,
SANY p141 L2,2-125,11308295 Rear Abutment Rocker Arm,2,A820101332435,Support Plate,,1,,
SANY p141 L3,2-125,11308295 Rear Abutment Rocker Arm,3,11309143,Connecting bar,,1,,
SANY p141 L4,2-125,11308295 Rear Abutment Rocker Arm,4,10039142,Connecting Bar,,1,,
SANY p141 L5,2-125,11308295 Rear Abutment Rocker Arm,5,A210804000002,Oil Cup,,1,,
SANY p141 L6,2-125,11308295 Rear Abutment Rocker Arm,6,A290000001564,Nozzle Protective Cap,,1,,
SANY p141 L7,2-125,11308295 Rear Abutment Rocker Arm,7,10038230,Rotating Shaft,,1,,
SANY p143 L1,2-127,GJB006665063 Control Support Abutment,1,12698391,Cross Connecting Rod Welding Part,,1,,
SANY p143 L2,2-127,GJB006665063 Control Support Abutment,2,A820301016210,Pull Rod,,1,,
SANY p143 L3,2-127,GJB006665063 Control Support Abutment,3,11305687,Right Bracket,,1,,
SANY p143 L4,2-127,GJB006665063 Control Support Abutment,4,60265732,Bolt,,8,,
SANY p143 L5,2-127,GJB006665063 Control Support Abutment,5,60144880,Nut,,8,,
SANY p143 L6,2-127,GJB006665063 Control Support Abutment,6,12698388,Right Rotate Body,,1,,
SANY p143 L7,2-127,GJB006665063 Control Support Abutment,7,A210804000003,Oil Cup,,5,,
SANY p143 L8,2-127,GJB006665063 Control Support Abutment,8,A290000001564,Nozzle Protective Cap,,5,,
SANY p143 L9,2-127,GJB006665063 Control Support Abutment,9,A820301016211,Hinge Pin,,2,,
SANY p143 L10,2-127,GJB006665063 Control Support Abutment,10,A810201071118,Right Handle,,1,,
SANY p143 L11,2-127,GJB006665063 Control Support Abutment,11,A820301016208,Locating Bolt,,1,,
SANY p143 L12,2-127,GJB006665063 Control Support Abutment,12,A210307000012,Nut,,3,,
SANY p143 L13,2-127,GJB006665063 Control Support Abutment,13,A210405000001,Washer,,2,,
SANY p143 L14,2-127,GJB006665063 Control Support Abutment,14,A210307000031,Nut,,5,,
SANY p143 L15,2-127,GJB006665063 Control Support Abutment,15,A210307000017,Nut,,4,,
SANY p143 L16,2-127,GJB006665063 Control Support Abutment,16,A210401000001,Washer,,4,,
SANY p143 L17,2-127,GJB006665063 Control Support Abutment,17,A210405000011,Washer,,4,,
SANY p145 L1,2-129,GJB006665063 Control Support Abutment,4,60265732,Bolt,,8,,
SANY p145 L2,2-129,GJB006665063 Control Support Abutment,5,60144880,Nut,,8,,
SANY p145 L3,2-129,GJB006665063 Control Support Abutment,7,A210804000003,Oil Cup,,5,,
SANY p145 L4,2-129,GJB006665063 Control Support Abutment,8,A290000001564,Nozzle Protective Cap,,5,,
SANY p145 L5,2-129,GJB006665063 Control Support Abutment,9,A820301016211,Hinge Pin,,2,,
SANY p145 L6,2-129,GJB006665063 Control Support Abutment,12,A210307000012,Nut,,3,,
SANY p145 L7,2-129,GJB006665063 Control Support Abutment,13,A210405000001,Washer,,2,,
SANY p145 L8,2-129,GJB006665063 Control Support Abutment,14,A210307000031,Nut,,5,,
SANY p145 L9,2-129,GJB006665063 Control Support Abutment,18,GJB006671709,Left handle,,1,,
SANY p145 L10,2-129,GJB006665063 Control Support Abutment,19,GJB006671855,Locking Mechanism,,1,,
SANY p145 L11,2-129,GJB006665063 Control Support Abutment,20,A210307000016,Nut,,8,,
SANY p145 L12,2-129,GJB006665063 Control Support Abutment,21,A210111000082,Bolt,,2,,
SANY p145 L13,2-129,GJB006665063 Control Support Abutment,22,A820101332439,Pipe Clamp,,2,,
SANY p145 L14,2-129,GJB006665063 Control Support Abutment,23,A210111000204,Bolt,,1,,
SANY p145 L15,2-129,GJB006665063 Control Support Abutment,24,A210404000009,Washer,,4,,
SANY p145 L16,2-129,GJB006665063 Control Support Abutment,25,A210111000084,Bolt,,2,,
SANY p145 L17,2-129,GJB006665063 Control Support Abutment,26,11305709,Left Bracket,,1,,
SANY p145 L18,2-129,GJB006665063 Control Support Abutment,27,GJB006671586,Left Rotate Body With Locking Function,,1,,
SANY p145 L19,2-129,GJB006665063 Control Support Abutment,28,GJB006665064,Torsional Spring,,1,,
SANY p145 L20,2-129,GJB006665063 Control Support Abutment,29,60275139,Bolt,,1,,
SANY p145 L21,2-129,GJB006665063 Control Support Abutment,30,A210405000007,Washer,,1,,
SANY p147 L1,2-131,A810103000266 Long Swinging Rod,1,A820301016202,Connecting Plate,,1,,
SANY p147 L2,2-131,A810103000266 Long Swinging Rod,2,A820101332423,Clamp,,1,,
SANY p149 L1,2-133,10488350 Rotating Shaft Seat,1,10488352,Support Plate of Rotating Shaft,,1,,
SANY p149 L2,2-133,10488350 Rotating Shaft Seat,2,10488351,Rotating Shaft,,1,,
SANY p151 L1,2-135,GJB005163837 Front Abutment Rocker Arm,1,10493977,Shaft Sleeve,,1,,
SANY p151 L2,2-135,GJB005163837 Front Abutment Rocker Arm,2,GJB005163836,"Shaft Sleeve ,Intermediate",,2,,
SANY p153 L1,2-137,"GJB007174388 Subframe,assy",1,GJB007174392,"Assembly,foreground",,1,2-138,
SANY p153 L2,2-137,"GJB007174388 Subframe,assy",2,GJB007174407,"Rear,stand assy",,1,2-144,
SANY p155 L1,2-139,"GJB007174392 Assembly,foreground",1,GJB006070777,Front Abutment Top Plate,,1,2-140,
SANY p155 L2,2-139,"GJB007174392 Assembly,foreground",2,GJB007174402,"Front board,front stand",,1,,
SANY p155 L3,2-139,"GJB007174392 Assembly,foreground",3,GJB007174396,"Rear board,front stand",,1,,
SANY p155 L4,2-139,"GJB007174392 Assembly,foreground",4,GJB007174391,"Right side board,front stand",,1,,
SANY p155 L5,2-139,"GJB007174392 Assembly,foreground",5,GJB007174386,"Left side board,front stand",,1,,
SANY p155 L6,2-139,"GJB007174392 Assembly,foreground",6,GJB007174406,"Base plate,front stand",,1,,
SANY p155 L7,2-139,"GJB007174392 Assembly,foreground",7,GJB007174400,"Reinforced plate,front stand",,2,,
SANY p155 L8,2-139,"GJB007174392 Assembly,foreground",8,10542867,Positioning Plate,,2,,
SANY p155 L9,2-139,"GJB007174392 Assembly,foreground",9,14549494,Front Abutment Left Longitudinal Beam,,2,,
SANY p155 L10,2-139,"GJB007174392 Assembly,foreground",10,13685720,Cross Beam of Subframe,,1,,
SANY p155 L11,2-139,"GJB007174392 Assembly,foreground",11,13679698,Beam Top Plate of Subframe,,1,,
SANY p155 L12,2-139,"GJB007174392 Assembly,foreground",12,13679707,Front Abutment Subplate,,2,,
SANY p155 L13,2-139,"GJB007174392 Assembly,foreground",13,13685721,Cross Beam Reinforced Plate of Front Abutment,,2,,
SANY p155 L14,2-139,"GJB007174392 Assembly,foreground",14,A820101346580,Sealing Board,,4,,
SANY p155 L15,2-139,"GJB007174392 Assembly,foreground",15,GJB006547487,right reinforced plate,,1,,
SANY p155 L16,2-139,"GJB007174392 Assembly,foreground",16,GJB006547497,left reinforced plate,,1,,
SANY p155 L17,2-139,"GJB007174392 Assembly,foreground",17,13590631,Transitional Plate,,2,,
SANY p155 L18,2-139,"GJB007174392 Assembly,foreground",18,13748001,Oil Pump Connecting Reinforced Plate,,2,,
SANY p155 L19,2-139,"GJB007174392 Assembly,foreground",19,12744650,Upper Connecting Frame,,4,,
SANY p155 L20,2-139,"GJB007174392 Assembly,foreground",20,13687766,L Operating System Support,,2,,
SANY p155 L21,2-139,"GJB007174392 Assembly,foreground",21,12638141,Operating System Support Abutment,,2,,
SANY p155 L22,2-139,"GJB007174392 Assembly,foreground",22,GJB005689173,Air Control Box Suppport,,1,,
SANY p155 L23,2-139,"GJB007174392 Assembly,foreground",23,13639594,Radiator supporting,,1,2-142,
SANY p155 L24,2-139,"GJB007174392 Assembly,foreground",24,A820101355659,Pipe Clip,,2,,
SANY p157 L1,2-141,GJB006070777 Front Abutment Top Plate,1,GJB005271405,Top board,,1,,
SANY p157 L2,2-141,GJB006070777 Front Abutment Top Plate,2,GJB005271404,Backup plate,,2,,
SANY p157 L3,2-141,GJB006070777 Front Abutment Top Plate,3,GJB005271407,"Limit stop(f),reducer",,2,,
SANY p159 L1,2-143,13639594 Radiator supporting,1,13639593,Seat supporting plate,,1,,
SANY p159 L2,2-143,13639594 Radiator supporting,2,13639592,Mounting web-plate,,2,,
SANY p161 L1,2-145,"GJB007174407 Rear,stand assy",1,GJB007174404,"Rear,stand assy",,1,2-146,
SANY p161 L2,2-145,"GJB007174407 Rear,stand assy",2,GJB007174394,Wing tail,,1,,
SANY p161 L3,2-145,"GJB007174407 Rear,stand assy",3,GJB005015251,Discharge Connecting Support,,1,2-148,
SANY p161 L4,2-145,"GJB007174407 Rear,stand assy",4,11332404,Left Reinforced Plate of Tail Wing,,1,,
SANY p161 L5,2-145,"GJB007174407 Rear,stand assy",5,11332405,Right Reinforced Plate of Tail Wing,,1,,
SANY p161 L6,2-145,"GJB007174407 Rear,stand assy",6,10037926,Water Gun Bracket,,1,,
SANY p161 L7,2-145,"GJB007174407 Rear,stand assy",7,14545974,Rear Water Pipe Bracket,,1,,
SANY p161 L8,2-145,"GJB007174407 Rear,stand assy",8,GJB005148158,Four-hole Upper Connecting Frame,,2,,
SANY p161 L9,2-145,"GJB007174407 Rear,stand assy",9,14536734,Rear Abutment Lifting Ear,,2,,
SANY p161 L10,2-145,"GJB007174407 Rear,stand assy",10,GJB005148157,Double-hole Upper Connecting Frame,,4,,
SANY p161 L11,2-145,"GJB007174407 Rear,stand assy",11,13672662,Water Pipe Support,,1,,
SANY p161 L12,2-145,"GJB007174407 Rear,stand assy",12,12638141,Operating System Support Abutment,,1,,
SANY p161 L13,2-145,"GJB007174407 Rear,stand assy",13,11816598,Governor Support,,1,,
SANY p161 L14,2-145,"GJB007174407 Rear,stand assy",14,GJB006538873,left ladder,,1,2-152,
SANY p161 L15,2-145,"GJB007174407 Rear,stand assy",15,GJB006538871,Right ladder,,1,2-154,
SANY p161 L16,2-145,"GJB007174407 Rear,stand assy",16,GJB007113691,Reinforcement as-ladder,,1,,
SANY p161 L17,2-145,"GJB007174407 Rear,stand assy",17,GJB007113699,Reinforcement as-ladder,,1,,
SANY p161 L18,2-145,"GJB007174407 Rear,stand assy",18,GJB005477921,Escalator Mounting Support,,2,,
SANY p161 L19,2-145,"GJB007174407 Rear,stand assy",19,GJB005209944,Escalator Mounting Plate,,2,,
SANY p161 L20,2-145,"GJB007174407 Rear,stand assy",20,GJB005367843,Support Pipe of Right Ladder,,2,,
SANY p161 L21,2-145,"GJB007174407 Rear,stand assy",21,GJB005477920,ladder supporting,,2,,
SANY p161 L22,2-145,"GJB007174407 Rear,stand assy",22,GJB006540684,Lift handrail,,2,,
SANY p161 L23,2-145,"GJB007174407 Rear,stand assy",23,GJB006540685,handrail,,2,,
SANY p161 L24,2-145,"GJB007174407 Rear,stand assy",24,GJB005015384,Mounting Seat Plate of Lock Frame,,1,,
SANY p163 L1,2-147,"GJB007174404 Rear,stand assy",1,GJB007174401,Front plate,,1,,
SANY p163 L2,2-147,"GJB007174404 Rear,stand assy",2,13113275,Rear Abutment Reinforcement Plate,,1,,
SANY p163 L3,2-147,"GJB007174404 Rear,stand assy",3,GJB004797948,Rear Abutment Support Board,,2,,
SANY p163 L4,2-147,"GJB007174404 Rear,stand assy",4,11331896,Connecting Angle Steel,,2,,
SANY p163 L5,2-147,"GJB007174404 Rear,stand assy",5,13547269,Stiffener Angle Plate,,4,,
SANY p163 L6,2-147,"GJB007174404 Rear,stand assy",6,A820101355659,Pipe Clip,,15,,
SANY p163 L7,2-147,"GJB007174404 Rear,stand assy",7,GJB007174389,"Board,right side board rear stand",,1,,
SANY p163 L8,2-147,"GJB007174404 Rear,stand assy",8,A820101026676,Positioning Plate,,4,,
SANY p163 L9,2-147,"GJB007174404 Rear,stand assy",9,GJB004767269,Rear Abutment Top Stiffener Plate,,2,,
SANY p163 L10,2-147,"GJB007174404 Rear,stand assy",10,GJB004657916,Rear Abutment Top Plate,,1,,
SANY p163 L11,2-147,"GJB007174404 Rear,stand assy",11,A820501005955,Connecting Angle Steel,,1,,
SANY p163 L12,2-147,"GJB007174404 Rear,stand assy",12,GJB007174405,"Board,rear stand board",,1,,
SANY p163 L13,2-147,"GJB007174404 Rear,stand assy",13,GJB007174395,"Beam,reinforced rear stand",,2,,
SANY p163 L14,2-147,"GJB007174404 Rear,stand assy",14,GJB007174385,"Board,left side board rear stand",,1,,
SANY p163 L15,2-147,"GJB007174404 Rear,stand assy",15,GJB007174398,"Stand,seinforced plate rear1",,2,,
SANY p163 L16,2-147,"GJB007174404 Rear,stand assy",16,GJB007188629,"Base,rear stand",,1,,
SANY p163 L17,2-147,"GJB007174404 Rear,stand assy",17,GJB007174399,"Plate,reinforced rear stand2",,2,,
SANY p165 L1,2-149,GJB005015251 Discharge Connecting Support,1,GJB005015250,Bracket,,1,2-150,
SANY p165 L2,2-149,GJB005015251 Discharge Connecting Support,2,13263668,Discharge Support Seat,,1,,
SANY p167 L1,2-151,GJB005015250 Bracket,1,GJB005015254,Left Supporting Plate,,1,,
SANY p167 L2,2-151,GJB005015250 Bracket,2,GJB005015253,Right Supporting Plate,,1,,
SANY p167 L3,2-151,GJB005015250 Bracket,3,GJB005015252,Discharge Support Sealing Board,,1,,
SANY p169 L1,2-153,GJB006538873 left ladder,1,GJB006028049,Top board,,1,,
SANY p169 L2,2-153,GJB006538873 left ladder,2,GJB006538711,ladder,,1,,
SANY p169 L3,2-153,GJB006538873 left ladder,3,GJB006538708,ladder,,1,,
SANY p169 L4,2-153,GJB006538873 left ladder,4,GJB006023101,Left footplate,,4,,
SANY p169 L5,2-153,GJB006538873 left ladder,5,GJB006538870,handrail,,1,,
SANY p169 L6,2-153,GJB006538873 left ladder,6,GJB006538869,ladder railings,,2,,
SANY p171 L1,2-155,GJB006538871 Right ladder,1,GJB006538708,ladder,,1,,
SANY p171 L2,2-155,GJB006538871 Right ladder,2,GJB006538869,ladder railings,,2,,
SANY p171 L3,2-155,GJB006538871 Right ladder,3,GJB006538711,ladder,,1,,
SANY p171 L4,2-155,GJB006538871 Right ladder,4,GJB006028048,Top board,,1,,
SANY p171 L5,2-155,GJB006538871 Right ladder,5,GJB006024184,Left footplate,,4,,
SANY p171 L6,2-155,GJB006538871 Right ladder,6,GJB006538870,handrail,,1,,
SANY p173 L1,2-157,GJB006211266 Master Bearing,1,11283233,Front Stand Cap,,2,,
SANY p173 L2,2-157,GJB006211266 Master Bearing,2,GJB005957207,Blanking cover,,4,,
SANY p175 L1,2-159,GJB005670962 The Accessory,1,12471064,Tail Lamp and Fog Lamp Installation,,1,2-160,
SANY p177 L1,2-161,12471064 Tail Lamp and Fog Lamp Installation,1,60211864,Left Combined Taillight,,1,,
SANY p177 L2,2-161,12471064 Tail Lamp and Fog Lamp Installation,2,60099447,Rear Fog Lamp,,1,,
SANY p177 L3,2-161,12471064 Tail Lamp and Fog Lamp Installation,3,60211865,Right Combined Taillight,,1,,
SANY p177 L4,2-161,12471064 Tail Lamp and Fog Lamp Installation,4,60078169,Nut,,6,,
SANY p177 L5,2-161,12471064 Tail Lamp and Fog Lamp Installation,5,60144915,Bolt,,2,,
SANY p179 L1,2-163,"GJB007084914 Transmission Assy,Oil Pump",1,14258431,Supporting Plate,,1,,
SANY p179 L2,2-163,"GJB007084914 Transmission Assy,Oil Pump",2,10026833,Protective Cover,,1,,
SANY p179 L3,2-163,"GJB007084914 Transmission Assy,Oil Pump",3,13010012,Transmission Shaft Assembly,,1,,
SANY p179 L4,2-163,"GJB007084914 Transmission Assy,Oil Pump",4,A210111000293,Bolt,,6,,
SANY p179 L5,2-163,"GJB007084914 Transmission Assy,Oil Pump",5,A210401000017,Washer,,6,,
SANY p179 L6,2-163,"GJB007084914 Transmission Assy,Oil Pump",6,A210307000055,Nut,,6,,
SANY p179 L7,2-163,"GJB007084914 Transmission Assy,Oil Pump",7,60265732,Bolt,,2,,
SANY p179 L8,2-163,"GJB007084914 Transmission Assy,Oil Pump",8,60144880,Nut,,2,,
SANY p179 L9,2-163,"GJB007084914 Transmission Assy,Oil Pump",9,GJB005593050,connecting palte,,1,,
SANY p179 L10,2-163,"GJB007084914 Transmission Assy,Oil Pump",10,GJB005593052,connecting palte,,1,,
SANY p179 L11,2-163,"GJB007084914 Transmission Assy,Oil Pump",11,60265748,Bolt,,14,,
SANY p179 L12,2-163,"GJB007084914 Transmission Assy,Oil Pump",12,60144883,Nut,,18,,
SANY p179 L13,2-163,"GJB007084914 Transmission Assy,Oil Pump",13,120101050130A,Bolt,,4,,
SANY p181 L1,2-165,"GJB005026570 subframe installation,lower",1,61028566,Nut,,34,,
SANY p181 L2,2-165,"GJB005026570 subframe installation,lower",2,60210230,Bolt,,34,,
SANY p181 L3,2-165,"GJB005026570 subframe installation,lower",3,12758226,Lower Connecting Frame,,8,,
SANY p181 L4,2-165,"GJB005026570 subframe installation,lower",4,12511274,Lower Connecting Frame,,2,,
SANY p185 L1,3-3,GJB006162551 Paintwork Markings,1,10660492,Caution Battery Safe Mark,,1,,
SANY p185 L2,3-3,GJB006162551 Paintwork Markings,2,A820101050850,Marker Operation Right,,1,,
SANY p185 L3,3-3,GJB006162551 Paintwork Markings,3,13826527,Nameplate,,1,,
SANY p185 L4,3-3,GJB006162551 Paintwork Markings,4,10812301,Safe Mark of the Outspan,,1,3-4,
SANY p185 L5,3-3,GJB006162551 Paintwork Markings,5,GJB005356343,Service Cloud App Logo,,1,,
SANY p185 L6,3-3,GJB006162551 Paintwork Markings,6,A820199003509,Safety Sign,,2,,
SANY p185 L7,3-3,GJB006162551 Paintwork Markings,7,10653818,"Marker,bolt, fastening, periodic",,1,,
SANY p185 L8,3-3,GJB006162551 Paintwork Markings,8,10812294,Safe Mark of the Back Board on the Left,,1,3-6,
SANY p185 L9,3-3,GJB006162551 Paintwork Markings,9,GJB005412474,Instruction for Lifting Mixer Truck,,1,,
SANY p185 L10,3-3,GJB006162551 Paintwork Markings,10,A820101050851,Mark Operation Left,,1,,
SANY p185 L11,3-3,GJB006162551 Paintwork Markings,11,14338597,Reducer and Subframe Bolts Warning Mark,,1,,
SANY p185 L12,3-3,GJB006162551 Paintwork Markings,12,A820101050798,Hot Surface Caution Decal,,1,,
SANY p185 L13,3-3,GJB006162551 Paintwork Markings,13,13575688,Qr Code,,2,,
SANY p185 L14,3-3,GJB006162551 Paintwork Markings,14,A229900002294,Rivet Blind,,4,,
SANY p187 L1,3-5,10812301 Safe Mark of the Outspan,1,10652533,Mind Your Head Mark,,1,,
SANY p187 L2,3-5,10812301 Safe Mark of the Outspan,2,10653540,No Through Mark,,1,,
SANY p189 L1,3-7,10812294 Safe Mark of the Back Board on the Left,1,10653695,Adding Butter Periodically Mark,,1,,
SANY p189 L2,3-7,10812294 Safe Mark of the Back Board on the Left,2,10660981,Caution Repair Safe Mark,,1,,
SANY p189 L3,3-7,10812294 Safe Mark of the Back Board on the Left,3,10652642,Beware of Shearing Hhands Mark,,1,,
SANY p189 L4,3-7,10812294 Safe Mark of the Back Board on the Left,4,10652378,Keep Raceway Cleanly Mark,,1,,
