source_ref,page,table,row,machine,group,group_code,group_inferred,code,part_name,pieces_raw,spare_raw,pieces_qty,pieces_unit,pieces_issue,spare_qty,spare_unit,spare_issue,highlighted,pieces_red
p1.t0.r1,1,0,1,TWINSHAFT MIXER,MIXER TOP COVER GROUP,,False,E11088,MAINTENANCE COVER,2 PCS,,2,PCS,,,,,False,True
p1.t0.r2,1,0,2,TWINSHAFT MIXER,MIXER TOP COVER GROUP,,False,E55551,MAINTENANCE COVER,2 PCS,,2,PCS,,,,,False,True
p1.t0.r3,1,0,3,TWINSHAFT MIXER,MIXER TOP COVER GROUP,,False,E18289,DAMPER,4 PCS,2 PCS,4,PCS,,2,PCS,,True,True
p1.t0.r4,1,0,4,TWINSHAFT MIXER,MIXER TOP COVER GROUP,,False,E1002654,PROXIMITY SWITCH,2 PCS,4 PCS,2,PCS,,4,PCS,,True,True
p1.t0.r5,1,0,5,TWINSHAFT MIXER,MIXER TOP COVER GROUP,,False,E1000328,RUBBER,--,,,,dash_placeholder,,,,True,True
p1.t0.r6,1,0,6,TWINSHAFT MIXER,MIXER TOP COVER GROUP,,False,E48349,HANDLE,4 PCS,,4,PCS,,,,,False,True
p1.t0.r7,1,0,7,TWINSHAFT MIXER,MIXER TOP COVER GROUP,,False,E20217,HANDLE,4 PCS,,4,PCS,,,,,False,True
p2.t0.r1,2,0,1,TWINSHAFT MIXER,MIXER LINING GROUP,E22667,False,E270,MIXER BODY UPPER LINING,6 PCS,,6,PCS,,,,,False,True
p2.t0.r2,2,0,2,TWINSHAFT MIXER,MIXER LINING GROUP,E22667,False,E11256,MIXER CAST WEAR LINING,112 PCS,112 PCS,112,PCS,,112,PCS,,True,True
p2.t0.r3,2,0,3,TWINSHAFT MIXER,MIXER LINING GROUP,E22667,False,E25337,SIDE WALL LINING,2 SET,2 SET,2,SET,,2,SET,,True,True
p2.t0.r4,2,0,4,TWINSHAFT MIXER,MIXER LINING GROUP,E22667,False,E22668,MIXER COVER SIDE WEARLINING,2 PCS,2 PCS,2,PCS,,2,PCS,,True,True
p3.t0.r1,3,0,1,TWINSHAFT MIXER,DRIVING GROUP,,False,E16352,GUARD,1 PCS,,1,PCS,,,,,False,True
p3.t0.r2,3,0,2,TWINSHAFT MIXER,DRIVING GROUP,,False,E18252,BEARING (IDLE SIDE) GROUP,2 PCS,2 PCS,2,PCS,,2,PCS,,True,True
p3.t0.r3,3,0,3,TWINSHAFT MIXER,DRIVING GROUP,,False,E18242,BEARING (DRIVING SIDE) GROUP,2 PCS,2 PCS,2,PCS,,2,PCS,,True,True
p3.t0.r4,3,0,4,TWINSHAFT MIXER,DRIVING GROUP,,False,E25012,HOUSING,2 PCS,,2,PCS,,,,,False,True
p3.t0.r5,3,0,5,TWINSHAFT MIXER,DRIVING GROUP,,False,E22110,SHAFT,1 PCS,2 PCS,1,PCS,,2,PCS,,True,True
p3.t0.r6,3,0,6,TWINSHAFT MIXER,DRIVING GROUP,,False,E1001286,V BELT,12 PCS,24 PC,12,PCS,,24,PCS,unit_variant:PC,True,True
p3.t0.r7,3,0,7,TWINSHAFT MIXER,DRIVING GROUP,,False,E19749,PULLEY,2 PCS,,2,PCS,,,,,False,True
p3.t0.r8,3,0,8,TWINSHAFT MIXER,DRIVING GROUP,,False,E1001264,PULLEY,2 PCS,,2,PCS,,,,,False,True
p3.t0.r9,3,0,9,TWINSHAFT MIXER,DRIVING GROUP,,False,E1002431,MOTOR,2 PCS,1 PCS,2,PCS,,1,PCS,,True,True
p3.t0.r10,3,0,10,TWINSHAFT MIXER,DRIVING GROUP,,False,E44792,GEARBOX GROUP,1 PCS,1 PCS,1,PCS,,1,PCS,,True,True
p3.t0.r11,3,0,11,TWINSHAFT MIXER,DRIVING GROUP,,False,E22060,COUPLING,2 PCS,,2,PCS,,,,,False,True
p3.t0.r12,3,0,12,TWINSHAFT MIXER,DRIVING GROUP,,False,E28285,GEARWHEEL,2 PCS,2 PCS,2,PCS,,2,PCS,,True,True
p3.t0.r13,3,0,13,TWINSHAFT MIXER,DRIVING GROUP,,False,E19590,CLAMPING SLEEVE,2 PCS,,2,PCS,,,,,False,True
p4.t0.r1,4,0,1,TWINSHAFT MIXER,BEARING (IDLE SIDE) GROUP,E18252,False,E18244,FRONT FLANGE,1 PCS,,1,PCS,,,,,False,True
p4.t0.r2,4,0,2,TWINSHAFT MIXER,BEARING (IDLE SIDE) GROUP,E18252,False,E1007058,SEAL,1 PCS,,1,PCS,,,,,False,True
p4.t0.r3,4,0,3,TWINSHAFT MIXER,BEARING (IDLE SIDE) GROUP,E18252,False,E1007991,BEARING BODY,1 PCS,,1,PCS,,,,,False,True
p4.t0.r4,4,0,4,TWINSHAFT MIXER,BEARING (IDLE SIDE) GROUP,E18252,False,E18246,SEAL,1 PCS,,1,PCS,,,,,False,True
p4.t0.r5,4,0,5,TWINSHAFT MIXER,BEARING (IDLE SIDE) GROUP,E18252,False,E18247,O RING,1 PCS,,1,PCS,,,,,False,True
p4.t0.r6,4,0,6,TWINSHAFT MIXER,BEARING (IDLE SIDE) GROUP,E18252,False,E1007057,LEAKPROOFING PART,1 PCS,,1,PCS,,,,,False,True
p4.t0.r7,4,0,7,TWINSHAFT MIXER,BEARING (IDLE SIDE) GROUP,E18252,False,E18245,LEAKPROOFING PART,1 PCS,,1,PCS,,,,,False,True
p4.t0.r8,4,0,8,TWINSHAFT MIXER,BEARING (IDLE SIDE) GROUP,E18252,False,E1007059,BEARING COVER,1 PCS,,1,PCS,,,,,False,True
p4.t0.r9,4,0,9,TWINSHAFT MIXER,BEARING (IDLE SIDE) GROUP,E18252,False,E18249,ORING,1 PCS,,1,PCS,,,,,False,True
p4.t0.r10,4,0,10,TWINSHAFT MIXER,BEARING (IDLE SIDE) GROUP,E18252,False,E18248,SPACER,1 PCS,,1,PCS,,,,,False,True
p4.t0.r11,4,0,11,TWINSHAFT MIXER,BEARING (IDLE SIDE) GROUP,E18252,False,E18250,BEARING BODY,1 PCS,,1,PCS,,,,,False,True
p4.t0.r12,4,0,12,TWINSHAFT MIXER,BEARING (IDLE SIDE) GROUP,E18252,False,E1007056,SEAL,1 PCS,,1,PCS,,,,,False,True
p4.t0.r13,4,0,13,TWINSHAFT MIXER,BEARING (IDLE SIDE) GROUP,E18252,False,E1003141,BALL BEARING,1 PCS,,1,PCS,,,,,False,True
p4.t0.r14,4,0,14,TWINSHAFT MIXER,BEARING (IDLE SIDE) GROUP,E18252,False,E1008703,WASHER,1 PCS,,1,PCS,,,,,False,True
p4.t0.r15,4,0,15,TWINSHAFT MIXER,BEARING (IDLE SIDE) GROUP,E18252,False,E1000541,NUT,1 PCS,,1,PCS,,,,,False,True
p4.t0.r16,4,0,16,TWINSHAFT MIXER,BEARING (IDLE SIDE) GROUP,E18252,False,E19215,COVER,1 PCS,,1,PCS,,,,,False,True
p5.t0.r1,5,0,1,TWINSHAFT MIXER,BEARING (DRIVING SIDE) GROUP,E18242,False,E18244,FRONT FLANGE,1 PCS,,1,PCS,,,,,False,True
p5.t0.r2,5,0,2,TWINSHAFT MIXER,BEARING (DRIVING SIDE) GROUP,E18242,False,E1007058,SEAL,1 PCS,,1,PCS,,,,,False,True
p5.t0.r3,5,0,3,TWINSHAFT MIXER,BEARING (DRIVING SIDE) GROUP,E18242,False,E1007991,BEARING BODY,1 PCS,,1,PCS,,,,,False,True
p5.t0.r4,5,0,4,TWINSHAFT MIXER,BEARING (DRIVING SIDE) GROUP,E18242,False,E18246,SEAL,1 PCS,,1,PCS,,,,,False,True
p5.t0.r5,5,0,5,TWINSHAFT MIXER,BEARING (DRIVING SIDE) GROUP,E18242,False,E18247,O RING,1 PCS,,1,PCS,,,,,False,True
p5.t0.r6,5,0,6,TWINSHAFT MIXER,BEARING (DRIVING SIDE) GROUP,E18242,False,E1007057,LEAKPROOFING PART,1 PCS,,1,PCS,,,,,False,True
p5.t0.r7,5,0,7,TWINSHAFT MIXER,BEARING (DRIVING SIDE) GROUP,E18242,False,E18245,LEAKPROOFING PART,1 PCS,,1,PCS,,,,,False,True
p5.t0.r8,5,0,8,TWINSHAFT MIXER,BEARING (DRIVING SIDE) GROUP,E18242,False,E1007059,BEARING COVER,1 PCS,,1,PCS,,,,,False,True
p5.t0.r9,5,0,9,TWINSHAFT MIXER,BEARING (DRIVING SIDE) GROUP,E18242,False,E18249,ORING,1 PCS,,1,PCS,,,,,False,True
p5.t0.r10,5,0,10,TWINSHAFT MIXER,BEARING (DRIVING SIDE) GROUP,E18242,False,E18248,SPACER,1 PCS,,1,PCS,,,,,False,True
p5.t0.r11,5,0,11,TWINSHAFT MIXER,BEARING (DRIVING SIDE) GROUP,E18242,False,E18250,BEARING BODY,1 PCS,,1,PCS,,,,,False,True
p5.t0.r12,5,0,12,TWINSHAFT MIXER,BEARING (DRIVING SIDE) GROUP,E18242,False,E1007056,SEAL,1 PCS,,1,PCS,,,,,False,True
p5.t0.r13,5,0,13,TWINSHAFT MIXER,BEARING (DRIVING SIDE) GROUP,E18242,False,E1003141,BALL BEARING,1 PCS,,1,PCS,,,,,False,True
p5.t0.r14,5,0,14,TWINSHAFT MIXER,BEARING (DRIVING SIDE) GROUP,E18242,False,E18251,COVER,1 PCS,,1,PCS,,,,,False,True
p5.t0.r15,5,0,15,TWINSHAFT MIXER,BEARING (DRIVING SIDE) GROUP,E18242,False,E1008693,SEAL,1 PCS,,1,PCS,,,,,False,True
p5.t0.r16,5,0,16,TWINSHAFT MIXER,BEARING (DRIVING SIDE) GROUP,E18242,False,E18253,SPACER,1 PCS,,1,PCS,,,,,False,True
p6.t0.r1,6,0,1,TWINSHAFT MIXER,MIXING ARMS AND SCRAPER ARMS GROUP,,False,E22019,TWINSHAFT MIXER MIXING SHAFT,2 PCS,,2,PCS,,,,,False,True
p6.t0.r2,6,0,2,TWINSHAFT MIXER,MIXING ARMS AND SCRAPER ARMS GROUP,,False,E17683,EXTENSIVE SPACER,20 PCS,,20,PCS,,,,,False,True
p6.t0.r3,6,0,3,TWINSHAFT MIXER,MIXING ARMS AND SCRAPER ARMS GROUP,,False,E17684,RESTRAINED SPACER,8 PCS,,8,PCS,,,,,False,True
p6.t0.r4,6,0,4,TWINSHAFT MIXER,MIXING ARMS AND SCRAPER ARMS GROUP,,False,,,,,,,blank_row,,,blank_row,False,False
p7.t0.r1,7,0,1,TWINSHAFT MIXER,"MIXING ARMS, SCRAPER ARMS AND DISCHARGE GATE",,True,E1008692,FIXING PLATE,20 PCS,,20,PCS,,,,,False,True
p7.t0.r2,7,0,2,TWINSHAFT MIXER,"MIXING ARMS, SCRAPER ARMS AND DISCHARGE GATE",,True,E24819,FIXING PLATE,4 PCS,,4,PCS,,,,,False,True
p7.t0.r3,7,0,3,TWINSHAFT MIXER,"MIXING ARMS, SCRAPER ARMS AND DISCHARGE GATE",,True,E24818,FIXING PLATE,4 PCS,,4,PCS,,,,,False,True
p7.t0.r4,7,0,4,TWINSHAFT MIXER,"MIXING ARMS, SCRAPER ARMS AND DISCHARGE GATE",,True,E21050,SCRAPER PADDLE,2 PCS,,2,PCS,,,,,False,True
p7.t0.r5,7,0,5,TWINSHAFT MIXER,"MIXING ARMS, SCRAPER ARMS AND DISCHARGE GATE",,True,E20219,SCRAPER PADDLE,4 PCS,,4,PCS,,,,,False,True
p7.t0.r6,7,0,6,TWINSHAFT MIXER,"MIXING ARMS, SCRAPER ARMS AND DISCHARGE GATE",,True,E1007060,SCRAPER ARM,2 PCS,,2,PCS,,,,,False,True
p7.t0.r7,7,0,7,TWINSHAFT MIXER,"MIXING ARMS, SCRAPER ARMS AND DISCHARGE GATE",,True,E21015,LITTLE SCRAPER,2 PCS,,2,PCS,,,,,False,True
p7.t0.r8,7,0,8,TWINSHAFT MIXER,"MIXING ARMS, SCRAPER ARMS AND DISCHARGE GATE",,True,E21112,MIXING ARM FIXER,16 PCS,,16,PCS,,,,,False,True
p7.t0.r9,7,0,9,TWINSHAFT MIXER,"MIXING ARMS, SCRAPER ARMS AND DISCHARGE GATE",,True,E20218,MIXING PADDLE,12 PCS,,12,PCS,,,,,False,True
p7.t0.r10,7,0,10,TWINSHAFT MIXER,"MIXING ARMS, SCRAPER ARMS AND DISCHARGE GATE",,True,E1008691,FIXING PLATE,12 PCS,,12,PCS,,,,,False,True
p7.t0.r11,7,0,11,TWINSHAFT MIXER,"MIXING ARMS, SCRAPER ARMS AND DISCHARGE GATE",,True,E1007061,MIXING ARM,12 PCS,,12,PCS,,,,,False,True
p7.t0.r12,7,0,12,TWINSHAFT MIXER,"MIXING ARMS, SCRAPER ARMS AND DISCHARGE GATE",,True,E20259,SCRAPER PADDLE,2 PCS,,2,PCS,,,,,False,True
p7.t0.r13,7,0,13,TWINSHAFT MIXER,"MIXING ARMS, SCRAPER ARMS AND DISCHARGE GATE",,True,E1007062,SCRAPER ARM,2 PCS,,2,PCS,,,,,False,True
p7.t0.r14,7,0,14,TWINSHAFT MIXER,"MIXING ARMS, SCRAPER ARMS AND DISCHARGE GATE",,True,E21016,LITTLE SCRAPER,2 PCS,,2,PCS,,,,,False,True
p7.t0.r15,7,0,15,TWINSHAFT MIXER,"MIXING ARMS, SCRAPER ARMS AND DISCHARGE GATE",,True,E57618,MIXER DISCHARGING GATE,1 PCS,,1,PCS,,,,,False,True
p7.t0.r16,7,0,16,TWINSHAFT MIXER,"MIXING ARMS, SCRAPER ARMS AND DISCHARGE GATE",,True,E17447,PIN,1 PCS,,1,PCS,,,,,False,True
p7.t0.r17,7,0,17,TWINSHAFT MIXER,"MIXING ARMS, SCRAPER ARMS AND DISCHARGE GATE",,True,E57840,PISTON CONNECTION PART,2 PCS,,2,PCS,,,,,False,True
p7.t0.r18,7,0,18,TWINSHAFT MIXER,"MIXING ARMS, SCRAPER ARMS AND DISCHARGE GATE",,True,E363,SWITCH CONNECTION PART,1 PCS,,1,PCS,,,,,False,True
p7.t0.r19,7,0,19,TWINSHAFT MIXER,"MIXING ARMS, SCRAPER ARMS AND DISCHARGE GATE",,True,E1002653,PROXIMITY SWITCH,2 PCS,4 PCS,2,PCS,,4,PCS,,True,True
p7.t0.r20,7,0,20,TWINSHAFT MIXER,"MIXING ARMS, SCRAPER ARMS AND DISCHARGE GATE",,True,E384,ECCENTRIC,2 PCS,,2,PCS,,,,,False,True
p7.t0.r21,7,0,21,TWINSHAFT MIXER,"MIXING ARMS, SCRAPER ARMS AND DISCHARGE GATE",,True,E1006377,BEARING,3 PCS,3 PCS,3,PCS,,3,PCS,,True,True
p7.t0.r22,7,0,22,TWINSHAFT MIXER,"MIXING ARMS, SCRAPER ARMS AND DISCHARGE GATE",,True,E1007261,HYDRAULIC PISTON,1 PCS,2PCS,1,PCS,,2,PCS,missing_space,True,True
p7.t0.r23,7,0,23,TWINSHAFT MIXER,"MIXING ARMS, SCRAPER ARMS AND DISCHARGE GATE",,True,E19846,PN,1 PCS,,1,PCS,,,,,False,True
p8.t0.r1,8,0,1,TWINSHAFT MIXER,LUBRICATION GROUP,,True,E1002548,AUTOMATIC LUBRICATION,1 PCS,,1,PCS,,,,,False,True
p8.t0.r2,8,0,2,TWINSHAFT MIXER,LUBRICATION GROUP,,True,E1007902,GREASE DISTRUBITOR,1 PCS,,1,PCS,,,,,False,True
p8.t0.r3,8,0,3,TWINSHAFT MIXER,LUBRICATION GROUP,,True,E53623,HYDRAULIC UNIT,1 PCS,1 PCS,1,PCS,,1,PCS,,True,True
p8.t0.r4,8,0,4,TWINSHAFT MIXER,LUBRICATION GROUP,,True,E51129,OIL CAP,1 PCS,,1,PCS,,,,,False,True
p8.t0.r5,8,0,5,TWINSHAFT MIXER,LUBRICATION GROUP,,True,E1006343,LUBRICATION SENSOR,2 PCS,,2,PCS,,,,,False,True
p8.t0.r6,8,0,6,TWINSHAFT MIXER,LUBRICATION GROUP,,True,E1005791,GREASE RESERVOIR,1 PCS,,1,PCS,,,,,False,True
p8.t0.r7,8,0,7,TWINSHAFT MIXER,LUBRICATION GROUP,,True,E1002546,AUTOMATIC OIL PUMP,1 PCS,,1,PCS,,,,,False,True
p9.t0.r1,9,0,1,TWINSHAFT MIXER,MIXER DISCHARGE AND GREASE PUMP,,True,E1000873,RUBBER,1 PCS,,1,PCS,,,,,False,False
p9.t0.r2,9,0,2,TWINSHAFT MIXER,MIXER DISCHARGE AND GREASE PUMP,,True,E1007849,CLAMP,1 PCS,,1,PCS,,,,,False,False
p9.t0.r3,9,0,3,TWINSHAFT MIXER,MIXER DISCHARGE AND GREASE PUMP,,True,E40258,GREASE HAND PUMP,1 PCS,,1,PCS,,,,,False,False
p9.t0.r4,9,0,4,TWINSHAFT MIXER,MIXER DISCHARGE AND GREASE PUMP,,True,E380,DISCHARGING CHUTE,1 PCS,,1,PCS,,,,,False,False
p9.t1.r1,9,1,1,TWINSHAFT MIXER,HYDRAULIC UNIT,E53623,True,E25955,COIL,1 PCS,2 PCS,1,PCS,,2,PCS,,True,True
p9.t1.r2,9,1,2,TWINSHAFT MIXER,HYDRAULIC UNIT,E53623,True,E20321,VALVE,1 PCS,2 PCS,1,PCS,,2,PCS,,True,True
p9.t1.r3,9,1,3,TWINSHAFT MIXER,HYDRAULIC UNIT,E53623,True,E53625,MOTOR,1 PCS,,1,PCS,,,,,False,True
p10.t0.r1,10,0,1,CEMENT WEIGHING BATCHER,CEMENT WEIGHING BATCHER,E37680,False,E37680,CEMENT WEIGHING BATCHER,1 PCS,,1,PCS,,,,,False,True
p10.t0.r2,10,0,2,CEMENT WEIGHING BATCHER,CEMENT WEIGHING BATCHER,E37680,False,E1005641,CLAMP,,,,,empty,,,,False,False
p10.t0.r3,10,0,3,CEMENT WEIGHING BATCHER,CEMENT WEIGHING BATCHER,E37680,False,E1005642,CLAMP LOCK,,,,,empty,,,,False,False
p10.t0.r4,10,0,4,CEMENT WEIGHING BATCHER,CEMENT WEIGHING BATCHER,E37680,False,E1000962,VENTING HOSE,1 PCS,1 PCS,1,PCS,,1,PCS,,True,True
p10.t0.r5,10,0,5,CEMENT WEIGHING BATCHER,CEMENT WEIGHING BATCHER,E37680,False,E1005844,VIBERATOR,1 PCS,1 PCS,1,PCS,,1,PCS,,True,True
p10.t0.r6,10,0,6,CEMENT WEIGHING BATCHER,CEMENT WEIGHING BATCHER,E37680,False,E44924,MAINTENANCE COVER,1 PCS,,1,PCS,,,,,False,True
p11.t0.r1,11,0,1,CEMENT WEIGHING BATCHER,LOAD CELLS AND DISCHARGE VALVE,,True,E1002203,LOAD CELL,3 PCS,2 PCS,3,PCS,,2,PCS,,True,True
p11.t0.r2,11,0,2,CEMENT WEIGHING BATCHER,LOAD CELLS AND DISCHARGE VALVE,,True,E1007151,THREADED STUD,3 PCS,3 PCS,3,PCS,,3,PCS,,True,True
p11.t0.r3,11,0,3,CEMENT WEIGHING BATCHER,LOAD CELLS AND DISCHARGE VALVE,,True,E1006715,THREADED STUD,3 PCS,3 PCS,3,PCS,,3,PCS,,True,True
p11.t0.r4,11,0,4,CEMENT WEIGHING BATCHER,LOAD CELLS AND DISCHARGE VALVE,,True,E41210,EARTHING CABLE,3 PCS,,3,PCS,,,,,False,True
p11.t0.r5,11,0,5,CEMENT WEIGHING BATCHER,LOAD CELLS AND DISCHARGE VALVE,,True,E1001498,ROD END,3 PCS,3 PCS,3,PCS,,3,PCS,,True,True
p11.t0.r6,11,0,6,CEMENT WEIGHING BATCHER,LOAD CELLS AND DISCHARGE VALVE,,True,E29302,CONNECTION PART,3 PCS,2 PCS,3,PCS,,2,PCS,,True,True
p11.t0.r7,11,0,7,CEMENT WEIGHING BATCHER,LOAD CELLS AND DISCHARGE VALVE,,True,E44834,BUTTERFLY VALVE GROUP,1 SET,1 SET,1,SET,,1,SET,,True,True
p11.t0.r8,11,0,8,CEMENT WEIGHING BATCHER,LOAD CELLS AND DISCHARGE VALVE,,True,E44826,BUTTERFLY VALVE,1 PCS,,1,PCS,,,,,False,True
p11.t0.r9,11,0,9,CEMENT WEIGHING BATCHER,LOAD CELLS AND DISCHARGE VALVE,,True,E1000052,ACTUATOR,1 PCS,,1,PCS,,,,,False,True
p11.t0.r10,11,0,10,CEMENT WEIGHING BATCHER,LOAD CELLS AND DISCHARGE VALVE,,True,E19778,PENEUMATIC VALVE,1 PCS,1 PCS,1,PCS,,1,PCS,,True,True
p11.t0.r11,11,0,11,CEMENT WEIGHING BATCHER,LOAD CELLS AND DISCHARGE VALVE,,True,E1000201,PENEUMATIC VALVE COIL,1 PCS,1 PCS,1,PCS,,1,PCS,,True,True
p11.t0.r12,11,0,12,CEMENT WEIGHING BATCHER,LOAD CELLS AND DISCHARGE VALVE,,True,E25849,BELLOW HOSE,1 PCS,,1,PCS,,,,,False,True
p11.t0.r13,11,0,13,CEMENT WEIGHING BATCHER,LOAD CELLS AND DISCHARGE VALVE,,True,E41270,CLAMP,----,,,,dash_placeholder,,,,False,True
p13.t0.r1,13,0,1,WATER WEIGHING BATCHER,WATER WEIGHING BATCHER,E74430,False,E74430,WATER WEIGHING BATCHER,1 PCS,,1,PCS,,,,,False,True
p13.t0.r2,13,0,2,WATER WEIGHING BATCHER,WATER WEIGHING BATCHER,E74430,False,E1000807,EXPANSION TANK,1 PCS,2 PCS,1,PCS,,2,PCS,,True,True
p13.t0.r3,13,0,3,WATER WEIGHING BATCHER,WATER WEIGHING BATCHER,E74430,False,E48252,PENUMATIC PISTON VALVE KIT,1 PCS,1 PCS,1,PCS,,1,PCS,,True,True
p13.t0.r4,13,0,4,WATER WEIGHING BATCHER,WATER WEIGHING BATCHER,E74430,False,E57365,ACUATOR,1 PCS,,1,PCS,,,,,False,True
p13.t0.r5,13,0,5,WATER WEIGHING BATCHER,WATER WEIGHING BATCHER,E74430,False,E62219,PENUMATIC VALVE,1 PCS,,1,PCS,,,,,False,True
p13.t0.r6,13,0,6,WATER WEIGHING BATCHER,WATER WEIGHING BATCHER,E74430,False,E61686,PENUMATIC VALVECOIL,1 PCS,,1,PCS,,,,,False,True
p13.t0.r7,13,0,7,WATER WEIGHING BATCHER,WATER WEIGHING BATCHER,E74430,False,E1005624,WATER PUMP,1 PCS,1 PCS,1,PCS,,1,PCS,,True,True
p13.t0.r8,13,0,8,WATER WEIGHING BATCHER,WATER WEIGHING BATCHER,E74430,False,E1008091,BUTTERFLY VALVE GROUP,1 PCS,1 SET,1,PCS,,1,SET,,True,True
p13.t0.r9,13,0,9,WATER WEIGHING BATCHER,WATER WEIGHING BATCHER,E74430,False,E44824,BUTTERFLY VALVE,1 PCS,,1,PCS,,,,,False,True
p13.t0.r10,13,0,10,WATER WEIGHING BATCHER,WATER WEIGHING BATCHER,E74430,False,E1000052,ACTUATOR,1 PCS,,1,PCS,,,,,False,True
p13.t0.r11,13,0,11,WATER WEIGHING BATCHER,WATER WEIGHING BATCHER,E74430,False,E19778,PNEUMATIC VALVE,1 PCS,,1,PCS,,,,,False,True
p13.t0.r12,13,0,12,WATER WEIGHING BATCHER,WATER WEIGHING BATCHER,E74430,False,E1000201,PNEUMATIC VALVE COIL,1 PCS,,1,PCS,,,,,False,True
p13.t0.r13,13,0,13,WATER WEIGHING BATCHER,WATER WEIGHING BATCHER,E74430,False,E25851,BELLOW HOSE,2 PCS,,2,PCS,,,,,False,True
p13.t0.r14,13,0,14,WATER WEIGHING BATCHER,WATER WEIGHING BATCHER,E74430,False,E1007779,CLAMP,2 PCS,,2,PCS,,,,,False,True
p13.t0.r15,13,0,15,WATER WEIGHING BATCHER,WATER WEIGHING BATCHER,E74430,False,E1002205,LOADCELL,1 PCS,1 PCS,1,PCS,,1,PCS,,True,True
p13.t0.r16,13,0,16,WATER WEIGHING BATCHER,WATER WEIGHING BATCHER,E74430,False,E29305,CONNECTION PART,1 PCS,1 PCS,1,PCS,,1,PCS,,True,True
p13.t0.r17,13,0,17,WATER WEIGHING BATCHER,WATER WEIGHING BATCHER,E74430,False,E1007148,THREADED STUD,2 PCS,4 PCS,2,PCS,,4,PCS,,True,True
p13.t0.r18,13,0,18,WATER WEIGHING BATCHER,WATER WEIGHING BATCHER,E74430,False,E1001498,ROD END,1 PCS,2 PCS,1,PCS,,2,PCS,,True,True
p13.t0.r19,13,0,19,WATER WEIGHING BATCHER,WATER WEIGHING BATCHER,E74430,False,E41210,EARTHING CABLE,1 PCS,,1,PCS,,,,,False,True
p13.t0.r20,13,0,20,WATER WEIGHING BATCHER,WATER WEIGHING BATCHER,E74430,False,E43480,LINEAR SLIDE CAR,1 PCS,,1,PCS,,,,,False,True
p13.t0.r21,13,0,21,WATER WEIGHING BATCHER,WATER WEIGHING BATCHER,E74430,False,E43481,GUIDE RAIL,1 PCS,,1,PCS,,,,,False,True
p14.t0.r1,14,0,1,ADDITIVE WEIGHING BATCHER,ADDITIVE WEIGHING BATCHER,E76109,False,E76109,ADDITIVE WEIGHING BATCHER,2 PCS,,2,PCS,,,,,False,True
p14.t0.r2,14,0,2,ADDITIVE WEIGHING BATCHER,ADDITIVE WEIGHING BATCHER,E76109,False,E1007151,THREADED STUD,1 PCS,,1,PCS,,,,,False,True
p14.t0.r3,14,0,3,ADDITIVE WEIGHING BATCHER,ADDITIVE WEIGHING BATCHER,E76109,False,E21714,LOADCELL,1 PCS,1 PCS,1,PCS,,1,PCS,,True,True
p14.t0.r4,14,0,4,ADDITIVE WEIGHING BATCHER,ADDITIVE WEIGHING BATCHER,E76109,False,E41210,EARTHING GABLE,1 PCS,,1,PCS,,,,,False,True
p14.t0.r5,14,0,5,ADDITIVE WEIGHING BATCHER,ADDITIVE WEIGHING BATCHER,E76109,False,E1002605,PNEUMATIC PISTON VALVE KIT,1 SET,2 SET,1,SET,,2,SET,,True,True
p14.t0.r6,14,0,6,ADDITIVE WEIGHING BATCHER,ADDITIVE WEIGHING BATCHER,E76109,False,E54455,PNEUMATIC PISTON VALVE,1 PCS,,1,PCS,,,,,False,True
p14.t0.r7,14,0,7,ADDITIVE WEIGHING BATCHER,ADDITIVE WEIGHING BATCHER,E76109,False,E62210,PNEUMATIC VALVE COIL,1 PCS,,1,PCS,,,,,False,True
p14.t0.r8,14,0,8,ADDITIVE WEIGHING BATCHER,ADDITIVE WEIGHING BATCHER,E76109,False,E62209,PNEUMATIC VALVE,1 PCS,,1,PCS,,,,,False,True
p14.t0.r9,14,0,9,ADDITIVE WEIGHING BATCHER,ADDITIVE WEIGHING BATCHER,E76109,False,E52713,PNEUMATIC PISTON VALVE KIT,2 SET,2 SET,2,SET,,2,SET,,True,True
p14.t0.r10,14,0,10,ADDITIVE WEIGHING BATCHER,ADDITIVE WEIGHING BATCHER,E76109,False,E54286,ACTUATOR,2 PCS,,2,PCS,,,,,False,True
p14.t0.r11,14,0,11,ADDITIVE WEIGHING BATCHER,ADDITIVE WEIGHING BATCHER,E76109,False,E62219,PNEUMATIC VALVE,2 PCS,,2,PCS,,,,,False,True
p14.t0.r12,14,0,12,ADDITIVE WEIGHING BATCHER,ADDITIVE WEIGHING BATCHER,E76109,False,E61686,PNEUMATIC VALVE COIL,2 PCS,,2,PCS,,,,,False,True
p14.t0.r13,14,0,13,ADDITIVE WEIGHING BATCHER,ADDITIVE WEIGHING BATCHER,E76109,False,E25845,BELLOW HOSE,2 PCS,,2,PCS,,,,,False,True
p14.t0.r14,14,0,14,ADDITIVE WEIGHING BATCHER,ADDITIVE WEIGHING BATCHER,E76109,False,E1000621,CLAMP,4 PCS,,4,PCS,,,,,False,True
p14.t0.r15,14,0,15,ADDITIVE WEIGHING BATCHER,ADDITIVE WEIGHING BATCHER,E76109,False,E1005617,ADDITIVE PUMP,2 PCS,1 PCS,2,PCS,,1,PCS,,True,True
p14.t0.r16,14,0,16,ADDITIVE WEIGHING BATCHER,ADDITIVE WEIGHING BATCHER,E76109,False,E43480,LINEAR SLIDE CAR,1 PCS,,1,PCS,,,,,False,True
p14.t0.r17,14,0,17,ADDITIVE WEIGHING BATCHER,ADDITIVE WEIGHING BATCHER,E76109,False,E43481,GUIDE RAIL,1 PCS,,1,PCS,,,,,False,True
p14.t0.r18,14,0,18,ADDITIVE WEIGHING BATCHER,ADDITIVE WEIGHING BATCHER,E76109,False,E67546,LIFTING EYE BOLT,2 PCS,,2,PCS,,,,,False,True
p14.t0.r19,14,0,19,ADDITIVE WEIGHING BATCHER,ADDITIVE WEIGHING BATCHER,E76109,False,E67201,HUMMER LOCK,1 PCS,,1,PCS,,,,,False,True
p15.t0.r1,15,0,1,INLINE SILO,INLINE SILO,,False,E1002579,PNEUMATIC PISTON,8 PCS,3 PCS,8,PCS,,3,PCS,,True,True
p15.t0.r2,15,0,2,INLINE SILO,INLINE SILO,,False,E1005824,PNEUMATIC VALVE BOX,2 PCS,1 PCS,2,PCS,,1,PCS,,True,True
p15.t0.r3,15,0,3,INLINE SILO,INLINE SILO,,False,E62050,PNEUMATIC VALVE,8 PCS,4 PCS,8,PCS,,4,PCS,,True,True
p15.t0.r4,15,0,4,INLINE SILO,INLINE SILO,,False,E62210,PNEUMATIC VALVE COIL,8 PCS,4 PCS,8,PCS,,4,PCS,,True,True
p15.t0.r5,15,0,5,INLINE SILO,INLINE SILO,,False,E1005847,VIBRATOR,2 PCS,1 PCS,2,PCS,,1,PCS,,True,True
p15.t0.r6,15,0,6,INLINE SILO,INLINE SILO,,False,E16992,AIR TANK,2 PCS,,2,PCS,,,,,False,True
p15.t0.r7,15,0,7,INLINE SILO,INLINE SILO,,False,E1006349,AIR LUBRICATOR,2 PCS,2 PCS,2,PCS,,2,PCS,,True,True
p15.t0.r8,15,0,8,INLINE SILO,INLINE SILO,,False,E1005628,WATER DRAINER,2 PCS,2 PCS,2,PCS,,2,PCS,,True,True
p16.t0.r1,16,0,1,WEIGHING CONVEYOR,WEIGHING CONVEYOR - TAIL SECTION,,True,E1000814,RUBBER,2 PCS,,2,PCS,,,,,False,True
p16.t0.r2,16,0,2,WEIGHING CONVEYOR,WEIGHING CONVEYOR - TAIL SECTION,,True,E1008734,BELT,1 PCS,,1,PCS,,,,,False,True
p16.t0.r3,16,0,3,WEIGHING CONVEYOR,WEIGHING CONVEYOR - TAIL SECTION,,True,E67086,TAIL PULLEY,1 PCS,,1,PCS,,,,,False,True
p16.t0.r4,16,0,4,WEIGHING CONVEYOR,WEIGHING CONVEYOR - TAIL SECTION,,True,E1000150,BEARINGS,2 PCS,4 PCS,2,PCS,,4,PCS,,True,True
p16.t0.r5,16,0,5,WEIGHING CONVEYOR,WEIGHING CONVEYOR - TAIL SECTION,,True,E1008003,THREADED STUD,2 PCS,4 PCS,2,PCS,,4,PCS,,True,True
p16.t0.r6,16,0,6,WEIGHING CONVEYOR,WEIGHING CONVEYOR - TAIL SECTION,,True,E1005846,VIBRATOR,1 PCS,1 PCS,1,PCS,,1,PCS,,True,True
p16.t0.r7,16,0,7,WEIGHING CONVEYOR,WEIGHING CONVEYOR - TAIL SECTION,,True,E29006,BELT CENTERING ROLLER,8 PCS,8 PCS,8,PCS,,8,PCS,,True,True
p16.t0.r8,16,0,8,WEIGHING CONVEYOR,WEIGHING CONVEYOR - TAIL SECTION,,True,,,,,,,blank_row,,,blank_row,False,False
p17.t0.r1,17,0,1,WEIGHING CONVEYOR,"WEIGHING CONVEYOR - HANGERS, HEAD DRIVE AND IDLERS",,True,E1006706,THREADED STUD,6 PCS,3 PCS,6,PCS,,3,PCS,,True,True
p17.t0.r2,17,0,2,WEIGHING CONVEYOR,"WEIGHING CONVEYOR - HANGERS, HEAD DRIVE AND IDLERS",,True,E1002207,LOADCELL,6 PCS,2 PCS,6,PCS,,2,PCS,,True,True
p17.t0.r3,17,0,3,WEIGHING CONVEYOR,"WEIGHING CONVEYOR - HANGERS, HEAD DRIVE AND IDLERS",,True,E1001500,ROD END,12 PCS,4 PCS,12,PCS,,4,PCS,,True,True
p17.t0.r4,17,0,4,WEIGHING CONVEYOR,"WEIGHING CONVEYOR - HANGERS, HEAD DRIVE AND IDLERS",,True,E30463,LOADCELL CONNECTION PART,12 PCS,4 PCS,12,PCS,,4,PCS,,True,True
p17.t0.r5,17,0,5,WEIGHING CONVEYOR,"WEIGHING CONVEYOR - HANGERS, HEAD DRIVE AND IDLERS",,True,E29398,THREADED STUD,12 PCS,4 PCS,12,PCS,,4,PCS,,True,True
p17.t0.r6,17,0,6,WEIGHING CONVEYOR,"WEIGHING CONVEYOR - HANGERS, HEAD DRIVE AND IDLERS",,True,E50097,ELECTRIC MOTOR AND GEARBOX,1 PCS,1 PCS,1,PCS,,1,PCS,,True,True
p17.t0.r7,17,0,7,WEIGHING CONVEYOR,"WEIGHING CONVEYOR - HANGERS, HEAD DRIVE AND IDLERS",,True,E1000151,HEAD DRIVE PULLEY BEARINGS,2 PCS,3 PCS,2,PCS,,3,PCS,,True,True
p17.t0.r8,17,0,8,WEIGHING CONVEYOR,"WEIGHING CONVEYOR - HANGERS, HEAD DRIVE AND IDLERS",,True,E67089,HEAD DRIVE PULLEY,1 PCS,,1,PCS,,,,,False,True
p17.t0.r9,17,0,9,WEIGHING CONVEYOR,"WEIGHING CONVEYOR - HANGERS, HEAD DRIVE AND IDLERS",,True,E1005502,BELT CLEANER,1 PCS,,1,PCS,,,,,False,True
p17.t0.r10,17,0,10,WEIGHING CONVEYOR,"WEIGHING CONVEYOR - HANGERS, HEAD DRIVE AND IDLERS",,True,E8771,TROUGHING IDLER CHASSIS,32 PCS,,32,PCS,,,,,False,True
p17.t0.r11,17,0,11,WEIGHING CONVEYOR,"WEIGHING CONVEYOR - HANGERS, HEAD DRIVE AND IDLERS",,True,E27279,TROUGHING IDLER,96 PCS,30 PCS,96,PCS,,30,PCS,,True,True
p17.t0.r12,17,0,12,WEIGHING CONVEYOR,"WEIGHING CONVEYOR - HANGERS, HEAD DRIVE AND IDLERS",,True,E27283,RETURN IDLER,7 PCS,10 PCS,7,PCS,,10,PCS,,True,True
p18.t0.r1,18,0,1,TRANSFER CONVEYOR,TRANSFER CONVEYOR - HEAD SECTION,,True,E1002703,GEARBOX,1 PCS,1 PCS,1,PCS,,1,PCS,,True,True
p18.t0.r2,18,0,2,TRANSFER CONVEYOR,TRANSFER CONVEYOR - HEAD SECTION,,True,E1006366,BEARING,2 PCS,,2,PCS,,,,,False,True
p18.t0.r3,18,0,3,TRANSFER CONVEYOR,TRANSFER CONVEYOR - HEAD SECTION,,True,E67085,HEAD DRIVE PULLEY,1 PCS,,1,PCS,,,,,False,True
p18.t0.r4,18,0,4,TRANSFER CONVEYOR,TRANSFER CONVEYOR - HEAD SECTION,,True,E18159,CYLINDRICAL CONVEYOR CLEANING BRUSH,1 PCS,2 PCS,1,PCS,,2,PCS,,True,True
p18.t0.r5,18,0,5,TRANSFER CONVEYOR,TRANSFER CONVEYOR - HEAD SECTION,,True,E23,GURD,1 PCS,,1,PCS,,,,,False,True
p18.t0.r6,18,0,6,TRANSFER CONVEYOR,TRANSFER CONVEYOR - HEAD SECTION,,True,E1006399,SPRING,2 PCS,2 PCS,2,PCS,,2,PCS,,True,True
p18.t0.r7,18,0,7,TRANSFER CONVEYOR,TRANSFER CONVEYOR - HEAD SECTION,,True,E1006382,BEARING,2 PCS,4 PCS,2,PCS,,4,PCS,,True,True
p18.t0.r8,18,0,8,TRANSFER CONVEYOR,TRANSFER CONVEYOR - HEAD SECTION,,True,E16429,CHAIN GEAR,1 PCS,1 PCS,1,PCS,,1,PCS,,True,True
p18.t0.r9,18,0,9,TRANSFER CONVEYOR,TRANSFER CONVEYOR - HEAD SECTION,,True,E1006444,CHAIN,1 PCS,2 PCS,1,PCS,,2,PCS,,True,True
p18.t0.r10,18,0,10,TRANSFER CONVEYOR,TRANSFER CONVEYOR - HEAD SECTION,,True,E16431,CHAIN GEAR,1 PCS,1 PCS,1,PCS,,1,PCS,,True,True
p18.t0.r11,18,0,11,TRANSFER CONVEYOR,TRANSFER CONVEYOR - HEAD SECTION,,True,E16430,CHAIN GEAR,1 PCS,1 PCS,1,PCS,,1,PCS,,True,True
p18.t0.r12,18,0,12,TRANSFER CONVEYOR,TRANSFER CONVEYOR - HEAD SECTION,,True,E1000814,RUBBER,2 PCS,,2,PCS,,,,,False,True
p19.t0.r1,19,0,1,TRANSFER CONVEYOR,TRANSFER CONVEYOR - TAIL AND IDLERS,,True,E29006,CONVEYOR GUIDE ROLLERS,4 PCS,,4,PCS,,,,,False,True
p19.t0.r2,19,0,2,TRANSFER CONVEYOR,TRANSFER CONVEYOR - TAIL AND IDLERS,,True,E1008003,THREADED STUD,2 PCS,,2,PCS,,,,,False,True
p19.t0.r3,19,0,3,TRANSFER CONVEYOR,TRANSFER CONVEYOR - TAIL AND IDLERS,,True,E1000150,BEARINGS,2 PCS,,2,PCS,,,,,False,True
p19.t0.r4,19,0,4,TRANSFER CONVEYOR,TRANSFER CONVEYOR - TAIL AND IDLERS,,True,E67086,TAIL PULLEY,1 PCS,,1,PCS,,,,,False,True
p19.t0.r5,19,0,5,TRANSFER CONVEYOR,TRANSFER CONVEYOR - TAIL AND IDLERS,,True,E52214,TRANSFER BELT,1 PCS,,1,PCS,,,,,False,True
p19.t0.r6,19,0,6,TRANSFER CONVEYOR,TRANSFER CONVEYOR - TAIL AND IDLERS,,True,E8771,TROUGHING IDLER ROLLER CHASSIS,32 PC,,32,PCS,unit_variant:PC,,,,False,True
p19.t0.r7,19,0,7,TRANSFER CONVEYOR,TRANSFER CONVEYOR - TAIL AND IDLERS,,True,E27279,TROUGHING IDLER ROLLER,96 PCS,,96,PCS,,,,,False,True
p19.t0.r8,19,0,8,TRANSFER CONVEYOR,TRANSFER CONVEYOR - TAIL AND IDLERS,,True,E27283,RETURN IDLER,8 PCS,,8,PCS,,,,,False,True
p19.t0.r9,19,0,9,TRANSFER CONVEYOR,TRANSFER CONVEYOR - TAIL AND IDLERS,,True,E1001002,PULLGUARD,1 PCS,2 PCS,1,PCS,,2,PCS,,True,True
p19.t0.r10,19,0,10,TRANSFER CONVEYOR,TRANSFER CONVEYOR - TAIL AND IDLERS,,True,E1005844,VIBRATOR,1 PCS,,1,PCS,,,,,False,True
p19.t0.r11,19,0,11,TRANSFER CONVEYOR,TRANSFER CONVEYOR - TAIL AND IDLERS,,True,E52189,DEFLECTION DRUM,1 PCS,2 PCS,1,PCS,,2,PCS,,True,True
p19.t0.r12,19,0,12,TRANSFER CONVEYOR,TRANSFER CONVEYOR - TAIL AND IDLERS,,True,E1006369,BEARINGS,2 PCS,2 PCS,2,PCS,,2,PCS,,True,True
p20.t0.r1,20,0,1,COMPRESSOR,COMPRESSOR,E1001393,False,E75941,PUMP,1 PCS,1 PCS,1,PCS,,1,PCS,,True,True
p20.t0.r2,20,0,2,COMPRESSOR,COMPRESSOR,E1001393,False,E75942,FOOT,4 PCS,,4,PCS,,,,,False,True
p20.t0.r3,20,0,3,COMPRESSOR,COMPRESSOR,E1001393,False,E75943,NON RETURN VALVE,1 PCS,2 PCS,1,PCS,,2,PCS,,True,True
p20.t0.r4,20,0,4,COMPRESSOR,COMPRESSOR,E1001393,False,E75944,VALVE,1 PCS,,1,PCS,,,,,False,True
p20.t0.r5,20,0,5,COMPRESSOR,COMPRESSOR,E1001393,False,E75945,DRAIN VALVE,1 PCS,,1,PCS,,,,,False,True
p20.t0.r6,20,0,6,COMPRESSOR,COMPRESSOR,E1001393,False,E75946,MANOMETER,1 PCS,2 PCS,1,PCS,,2,PCS,,True,True
p20.t0.r7,20,0,7,COMPRESSOR,COMPRESSOR,E1001393,False,E75947,SAFETY VALVE,1 PCS,,1,PCS,,,,,False,True
p20.t0.r8,20,0,8,COMPRESSOR,COMPRESSOR,E1001393,False,E75948,FITTING,2 PCS,,2,PCS,,,,,False,True
p20.t0.r9,20,0,9,COMPRESSOR,COMPRESSOR,E1001393,False,E75949,FITTING,1 PCS,,1,PCS,,,,,False,True
p20.t0.r10,20,0,10,COMPRESSOR,COMPRESSOR,E1001393,False,E75950,PULLEY,1 PCS,,1,PCS,,,,,False,True
p20.t0.r11,20,0,11,COMPRESSOR,COMPRESSOR,E1001393,False,E75951,BELT,2 PCS,4 PCS,2,PCS,,4,PCS,,True,True
p20.t0.r12,20,0,12,COMPRESSOR,COMPRESSOR,E1001393,False,E75952,HOSE,1 PCS,,1,PCS,,,,,False,True
p20.t0.r13,20,0,13,COMPRESSOR,COMPRESSOR,E1001393,False,E75953,PRESSURE SWITCH,1 PCS,2 PCS,1,PCS,,2,PCS,,True,True
p20.t0.r14,20,0,14,COMPRESSOR,COMPRESSOR,E1001393,False,E75954,CABLE,1 PCS,,1,PCS,,,,,False,True
p20.t0.r15,20,0,15,COMPRESSOR,COMPRESSOR,E1001393,False,E75955,MOTOR,1 PCS,,1,PCS,,,,,False,True
p20.t0.r16,20,0,16,COMPRESSOR,COMPRESSOR,E1001393,False,E75956,BELT GUARD,1 PCS,,1,PCS,,,,,False,True
p20.t0.r17,20,0,17,COMPRESSOR,COMPRESSOR,E1001393,False,E75957,DELIVERY PIPE,1 PCS,,1,PCS,,,,,False,True
p21.t0.r1,21,0,1,COMPRESSOR,BARE PUMP,E75941,False,E75959,CYLINDER HEAD KIT,1 PCS,,1,PCS,,,,,False,True
p21.t0.r2,21,0,2,COMPRESSOR,BARE PUMP,E75941,False,E75960,COOLER KIT,1 PCS,,1,PCS,,,,,False,True
p21.t0.r3,21,0,3,COMPRESSOR,BARE PUMP,E75941,False,E75961,SAFTY VALVE KIT,1 PCS,,1,PCS,,,,,False,True
p21.t0.r4,21,0,4,COMPRESSOR,BARE PUMP,E75941,False,E75962,AFTERCOOLER KIT,1 PCS,,1,PCS,,,,,False,True
p21.t0.r5,21,0,5,COMPRESSOR,BARE PUMP,E75941,False,E75963,PULLEY KIT,1 PCS,,1,PCS,,,,,False,True
p21.t0.r6,21,0,6,COMPRESSOR,BARE PUMP,E75941,False,E75964,OIL LEVEL KIT,1 PCS,,1,PCS,,,,,False,True
p21.t0.r7,21,0,7,COMPRESSOR,BARE PUMP,E75941,False,E75965,FILTER KIT,1 PCS,,1,PCS,,,,,False,True
p21.t0.r8,21,0,8,COMPRESSOR,BARE PUMP,E75941,False,E75966,COVER SEAL SET,1 PCS,,1,PCS,,,,,False,True
p21.t0.r9,21,0,9,COMPRESSOR,BARE PUMP,E75941,False,E75967,CYLINDER HOUSING GROUP,1 PCS,,1,PCS,,,,,False,True
p21.t1.r1,21,1,1,COMPRESSOR,AIR SERVICE UNIT AND AIR TANK,,True,E1006768,TWO PIECE AIR SERVICE UNIT,1 PCS,2 PCS,1,PCS,,2,PCS,,True,True
p21.t1.r2,21,1,2,COMPRESSOR,AIR SERVICE UNIT AND AIR TANK,,True,E16990,AIR TANK,1 PCS,,1,PCS,,,,,False,True
p21.t1.r3,21,1,3,COMPRESSOR,AIR SERVICE UNIT AND AIR TANK,,True,E1006349,LUBRICATOR,2 PCS,2 PCS,2,PCS,,2,PCS,,True,True
p21.t1.r4,21,1,4,COMPRESSOR,AIR SERVICE UNIT AND AIR TANK,,True,E1005628,WATER CATCHER,2 PCS,2 PCS,2,PCS,,2,PCS,,True,True
p22.t0.r1,22,0,1,CEMENT SCREW,CEMENT SCREW,,False,E24501,GEARBOX AND MOTOR,1 PCS,1 PCS,1,PCS,,1,PCS,,True,True
p22.t0.r2,22,0,2,CEMENT SCREW,CEMENT SCREW,,False,E26750,INTERMEDIATE BEARING,,,,,empty,,,,False,False
p22.t0.r3,22,0,3,CEMENT SCREW,CEMENT SCREW,,False,E28205,BEARING (IDLE SIDE),1 PCS,2 PCS,1,PCS,,2,PCS,,True,True
p22.t0.r4,22,0,4,CEMENT SCREW,CEMENT SCREW,,False,E18121,MAINTENANCE COVER,,,,,empty,,,,False,False
p22.t0.r5,22,0,5,CEMENT SCREW,CEMENT SCREW,,False,E1007780,CLAMP,1 PCS,,1,PCS,,,,,False,True
p22.t0.r6,22,0,6,CEMENT SCREW,CEMENT SCREW,,False,E25848,BELLOW HOSE,1 PCS,,1,PCS,,,,,False,True
p22.t0.r7,22,0,7,CEMENT SCREW,CEMENT SCREW,,False,E17708,SCREW FIXER CONNECTION PART,1 PS,,1,PCS,unit_variant:PS,,,,False,True
p22.t0.r8,22,0,8,CEMENT SCREW,CEMENT SCREW,,False,E1000921,OIL HOSE (4 M),,,,,empty,,,,True,False
p22.t0.r9,22,0,9,CEMENT SCREW,CEMENT SCREW,,False,E1000922,OIL HOSE (6M),,,,,empty,,,,True,False
p22.t0.r10,22,0,10,CEMENT SCREW,CEMENT SCREW,,False,E19595,COLLECTOR,,,,,empty,,,,False,False
p23.t0.r1,23,0,1,CEMENT SCREW,CEMENT SCREW GEARBOX,E24501,True,E1002422,ELECTRICAL MOTOR,1 PCS,,1,PCS,,,,,False,False
p23.t0.r2,23,0,2,CEMENT SCREW,CEMENT SCREW GEARBOX,E24501,True,E20108,INLET SHAFT,1 PCS,,1,PCS,,,,,False,False
p23.t0.r3,23,0,3,CEMENT SCREW,CEMENT SCREW GEARBOX,E24501,True,E894,MOTOR CONNECTION ADAPTER,1 PCS,,1,PCS,,,,,False,False
p23.t0.r4,23,0,4,CEMENT SCREW,CEMENT SCREW GEARBOX,E24501,True,E1006845,OIL SEAL,1 PCS,,1,PCS,,,,,False,False
p23.t0.r5,23,0,5,CEMENT SCREW,CEMENT SCREW GEARBOX,E24501,True,E1006695,CIRCLIP,1 PCS,,1,PCS,,,,,False,False
p23.t0.r6,23,0,6,CEMENT SCREW,CEMENT SCREW GEARBOX,E24501,True,E1008638,BALL BEARING,1 PCS,,1,PCS,,,,,False,False
p23.t0.r7,23,0,7,CEMENT SCREW,CEMENT SCREW GEARBOX,E24501,True,E28341,GEARBOX BODY,1 PCS,,1,PCS,,,,,False,False
p23.t0.r8,23,0,8,CEMENT SCREW,CEMENT SCREW GEARBOX,E24501,True,E979,A3 MIDDLE MOTION GEAR,1 PCS,,1,PCS,,,,,False,False
p23.t0.r9,23,0,9,CEMENT SCREW,CEMENT SCREW GEARBOX,E24501,True,E1002533,O RING,2 PCS,,2,PCS,,,,,False,False
p23.t0.r10,23,0,10,CEMENT SCREW,CEMENT SCREW GEARBOX,E24501,True,E761,A3 RING GEAR,1 PCS,,1,PCS,,,,,False,False
p23.t0.r11,23,0,11,CEMENT SCREW,CEMENT SCREW GEARBOX,E24501,True,E24500,A3 TRIAD POLE GEAR,1 PCS,,1,PCS,,,,,False,False
p23.t0.r12,23,0,12,CEMENT SCREW,CEMENT SCREW GEARBOX,E24501,True,E985,GEARBOX BODY,1 PCS,,1,PCS,,,,,False,False
p23.t0.r13,23,0,13,CEMENT SCREW,CEMENT SCREW GEARBOX,E24501,True,E1008637,BALL BEARING,1 PCS,,1,PCS,,,,,False,False
p23.t0.r14,23,0,14,CEMENT SCREW,CEMENT SCREW GEARBOX,E24501,True,E981,GEARBOX OUTLET SHAFT,1 PCS,,1,PCS,,,,,False,False
p23.t0.r15,23,0,15,CEMENT SCREW,CEMENT SCREW GEARBOX,E24501,True,E1008639,BALL BEARING,1 PCS,,1,PCS,,,,,False,False
p23.t0.r16,23,0,16,CEMENT SCREW,CEMENT SCREW GEARBOX,E24501,True,E987,COVER BEARING PRESSURE,1 PCS,,1,PCS,,,,,False,False
p23.t0.r17,23,0,17,CEMENT SCREW,CEMENT SCREW GEARBOX,E24501,True,E48270,SEAL,2 PCS,,2,PCS,,,,,False,False
p23.t0.r18,23,0,18,CEMENT SCREW,CEMENT SCREW GEARBOX,E24501,True,E1008676,SEAL,1 PCS,,1,PCS,,,,,False,False
p23.t0.r19,23,0,19,CEMENT SCREW,CEMENT SCREW GEARBOX,E24501,True,E1008669,SEAL,1 PCS,,1,PCS,,,,,False,False
p23.t0.r20,23,0,20,CEMENT SCREW,CEMENT SCREW GEARBOX,E24501,True,E990,GEARBOX CONNECTION ADAPTER,1 PCS,,1,PCS,,,,,False,False
p23.t0.r21,23,0,21,CEMENT SCREW,CEMENT SCREW GEARBOX,E24501,True,E993,GEARBOX FLANGE CONNECTION,1 PCS,,1,PCS,,,,,False,False
p23.t0.r22,23,0,22,CEMENT SCREW,CEMENT SCREW GEARBOX,E24501,True,E34787,COVER,1 PCS,,1,PCS,,,,,False,False
p24.t0.r1,24,0,1,CEMENT SILO,CEMENT SILO,,False,E29028,AIR FILTER,1 PCS,,1,PCS,,,,,False,False
p24.t0.r2,24,0,2,CEMENT SILO,CEMENT SILO,,False,E1000432,PRESSURE SAFE,1 PCS,,1,PCS,,,,,False,False
p24.t0.r3,24,0,3,CEMENT SILO,CEMENT SILO,,False,E30617,CONTROL PANEL,1 PCS,,1,PCS,,,,,False,False
p24.t0.r4,24,0,4,CEMENT SILO,CEMENT SILO,,False,E1008085,LEVEL INDICATOR,2 PCS,,2,PCS,,,,,False,False
p24.t1.r1,24,1,1,CEMENT SILO,CEMENT SILO - BOTTOM AND AERATION,,True,E25320,MAINTENANCE COVER,1 PCS,,1,PCS,,,,,False,True
p24.t1.r2,24,1,2,CEMENT SILO,CEMENT SILO - BOTTOM AND AERATION,,True,E1001388,BUTTERFLY VALVE,1 PCS,1 PCS,1,PCS,,1,PCS,,True,True
p24.t1.r3,24,1,3,CEMENT SILO,CEMENT SILO - BOTTOM AND AERATION,,True,E1000338,AIR SHOCK,6 PCS,,6,PCS,,,,,False,True
p24.t1.r4,24,1,4,CEMENT SILO,CEMENT SILO - BOTTOM AND AERATION,,True,E1000330,PNEUMATIC MUFFLERS,6 PCS,20 PCS,6,PCS,,20,PCS,,True,True
p25.t0.r1,25,0,1,CEMENT SILO,CEMENT SILO AIR FILTER,E29028,False,E29028-1,BODY FILTER,1 PCS,,1,PCS,,,,,False,True
p25.t0.r2,25,0,2,CEMENT SILO,CEMENT SILO AIR FILTER,E29028,False,E29028-2,SEAL FRAME,1 PCS,,1,PCS,,,,,False,True
p25.t0.r3,25,0,3,CEMENT SILO,CEMENT SILO AIR FILTER,E29028,False,E29028-3,AIR TANK,1 PCS,,1,PCS,,,,,False,True
p25.t0.r4,25,0,4,CEMENT SILO,CEMENT SILO AIR FILTER,E29028,False,E29028-4,SOLENOID VALVES,3 PCS,3 PCS,3,PCS,,3,PCS,,True,True
p25.t0.r5,25,0,5,CEMENT SILO,CEMENT SILO AIR FILTER,E29028,False,E29028-5,BLOWING PIPES,1 SET,,1,SET,,,,,False,True
p25.t0.r6,25,0,6,CEMENT SILO,CEMENT SILO AIR FILTER,E29028,False,E29028-6,CONDENSATE DRAINING COCK,1 PCS,,1,PCS,,,,,False,True
p25.t0.r7,25,0,7,CEMENT SILO,CEMENT SILO AIR FILTER,E29028,False,E29028-7,RAIN SHIELD,1 PCS,,1,PCS,,,,,False,True
p25.t0.r8,25,0,8,CEMENT SILO,CEMENT SILO AIR FILTER,E29028,False,E29028-8,FILTER ELEMENT,7 PCS,7 PCS,7,PCS,,7,PCS,,True,True
p25.t0.r9,25,0,9,CEMENT SILO,CEMENT SILO AIR FILTER,E29028,False,E29028-9,ELECTRONIC TIMER,1 PCS,,1,PCS,,,,,False,True
p26.t0.r1,26,0,1,CEMENT SILO,CEMENT SILO PNEUMATIC SCHEMA,,False,E1006768,AIR SERVICE UNIT,1 PCS,,1,PCS,,,,,False,False
p26.t0.r2,26,0,2,CEMENT SILO,CEMENT SILO PNEUMATIC SCHEMA,,False,E1005835,SELENOID VALVE,1 PCS,2 PCS,1,PCS,,2,PCS,,True,False
p26.t0.r3,26,0,3,CEMENT SILO,CEMENT SILO PNEUMATIC SCHEMA,,False,E31886,PARTICLE FILTER,1 PCS,,1,PCS,,,,,False,False
p26.t0.r4,26,0,4,CEMENT SILO,CEMENT SILO PNEUMATIC SCHEMA,,False,E1000953,PNEUMATIC HOSE,,50 M,,,empty,50,M,,True,False
