source_ref,section,page,kind,role,position_raw,position,code,description,qty_raw,qty,unit,heading,transcribed,highlighted
IMER-12010006 p6 L1,1,6,PART,MAIN,1,1,K1018230,STORAGE GROUP 2SER. C/VIBR. C/SONDA,,,PCS,,False,False
IMER-12010006 p6 L2,1,6,PART,MAIN,1,1,K1019433,STORAGE GROUP 2SER. S/VIBR.,,,PCS,,False,False
IMER-12010006 p6 L3,1,6,PART,MAIN,2,2,K1018234,SINGLE GATE,,,PCS,,False,False
IMER-12010006 p6 L4,1,6,PART,MAIN,3,3,K1010897,ROD,,,PCS,,False,False
IMER-12010006 p6 L5,1,6,PART,MAIN,4,4,L1005284,ANTI-WEAR PLATE 830x160x653,,,PCS,,False,False
IMER-12010006 p6 L6,1,6,PART,MAIN,4,4,L1005556,ANTI-WEAR PLATE 964X542X655,,,PCS,,False,False
IMER-12010006 p6 L7,1,6,PART,MAIN,4,4,L1005557,ANTI-WEAR PLATE 964X542X655 C/APPL. SONDA,,,PCS,,False,False
IMER-12010006 p6 L8,1,6,PART,MAIN,4,4,F8984154,BOLT M10X30TTQ,,,PCS,,False,False
IMER-12010006 p6 L9,1,6,PART,MAIN,5,5,94100800,VIBRATOR FOR STORAGE GROUP MVSI 3/300-S90 FC 50HZ,,,PCS,,False,True
IMER-12010006 p6 L10,1,6,PART,MAIN,6,6,K1018236,VIBRATOR ANTI-WEAR PLATE SX,,,PCS,,False,False
IMER-12010006 p6 L11,1,6,PART,MAIN,6,6,K1018237,VIBRATOR ANTI-WEAR PLATE DX,,,PCS,,False,False
IMER-12010006 p6 L12,1,6,PART,MAIN,7,7,K1031728,STORAGE GROUP C/VIBR.,,,PCS,,False,False
IMER-12010006 p6 L13,1,6,PART,MAIN,8,8,K1031727,SINGLE GATE,,,PCS,,False,False
IMER-12010006 p6 L14,1,6,PART,MAIN,9,9,L1017086,ANTI-WEAR PLATE 1016X184X649,,,PCS,,False,False
IMER-12010006 p6 L15,1,6,PART,MAIN,9,9,L1017087,ANTI-WEAR PLATE 841X425X653,,,PCS,,False,False
IMER-12010006 p6 L16,1,6,PART,MAIN,9,9,L1017088,ANTI-WEAR PLATE 841X425X653 C/APPL. SONDA,,,PCS,,False,False
IMER-12010006 p6 L17,1,6,PART,MAIN,9,9,F8984154,BOLT M10X30TTQ,,,PCS,,False,False
IMER-12010006 p6 L18,1,6,PART,MAIN,10,10,94100800,VIBRATOR FOR STORAGE GROUP MVSI 3/300-S90 FC 50HZ,,,PCS,,False,True
IMER-12010006 p6 L19,1,6,PART,MAIN,11,11,K1031725,VIBRATOR ANTI-WEAR PLATE DX,,,PCS,,False,False
IMER-12010006 p6 L20,1,6,PART,MAIN,11,11,K1031726,VIBRATOR ANTI-WEAR PLATE SX,,,PCS,,False,False
IMER-12010006 p6 L21,1,6,PART,MAIN,12,12,94100500,VIBRATOR MVSI 3/100-S90 FC 50 HZ,,,PCS,,False,True
IMER-12010006 p6 L22,1,6,PART,MAIN,13,13,K1028445,LOAD CELL GROUP 3000 KG C3 INOX,,,PCS,,False,False
IMER-12010006 p6 L23,1,6,PART,MAIN,13/1,13/1,03602412,SCREWED BAR M24X1000,,,PCS,,False,True
IMER-12010006 p6 L24,1,6,PART,MAIN,13/2,13/2,12003010,FORK,,,PCS,,False,False
IMER-12010006 p6 L25,1,6,PART,MAIN,13/3,13/3,M2500468,LOAD CELL 3000 KG C3 INOX,,,PCS,,False,True
IMER-12010006 p6 L26,1,6,PART,MAIN,13/4,13/4,80700505,TERMINAL SA 25 ES,,,PCS,,False,False
IMER-12010006 p6 L27,1,6,PART,MAIN,13/5,13/5,X1750560,COPPER PLAIT CEM FL 16-420,,,PCS,,False,False
IMER-12010006 p6 L28,1,6,PART,MAIN,13/6,13/6,12003012,PIN C/SEGER,,,PCS,,False,False
IMER-12010006 p6 L29,1,6,PART,MAIN,14,14,K1033588,ANTI-WEAR PLATES,,,PCS,,False,False
IMER-12010006 p6 L30,1,6,PART,MAIN,15,15,K1033588,ANTI-WEAR PLATES,,,PCS,,False,False
IMER-12010006 p6 L31,1,6,PART,MAIN,16,16,M2700230,PROBE SENSOR MS 213 - S/FLANGIA,,,PCS,,False,False
IMER-12010006 p8 L1,2,8,PART,MAIN,1,1,78000800,Y SUPPORT SKF TIPO SY 60 TF,,,PCS,,False,True
IMER-12010006 p8 L2,2,8,PART,MAIN,2,2,12503500,BELT L=1500,,,PCS,,False,True
IMER-12010006 p8 L3,2,8,PART,MAIN,3,3,45802300,"MOTOR 7,5KW 3F 4P 230-400/50 B3 IE1 S3",,,PCS,,False,True
IMER-12010006 p8 L4,2,8,PART,MAIN,4,4,70801303,ROLLER D.60 L=121,,,PCS,,False,True
IMER-12010006 p8 L5,2,8,PART,MAIN,5,5,70802323,ROLLER CH17 D=89 L=323,,,PCS,,False,True
IMER-12010006 p8 L6,2,8,PART,MAIN,6,6,70802324,TRANSVERSAL ROLLER CH17 D=76 L=958,,,PCS,,False,True
IMER-12010006 p8 L7,2,8,PART,MAIN,7,7,79201195,RUBBER BELT 11500X800,,,PCS,,False,False
IMER-12010006 p8 L8,2,8,PART,MAIN,8,8,L1000916,SCREW M24X450,,,PCS,,False,False
IMER-12010006 p8 L9,2,8,PART,MAIN,9,9,K1003380,IDLE ROLLER D=320 L=950,,,PCS,,False,False
IMER-12010006 p8 L10,2,8,PART,MAIN,10,10,F8984830,Y SUPPORT TU 45 TF,,,PCS,,False,True
IMER-12010006 p8 L11,2,8,PART,MAIN,11,11,K1002674,STONE GUARD,,,PCS,,False,False
IMER-12010006 p8 L12,2,8,PART,MAIN,12,12,K1005203,FIXED SCRAPER BELT,,,PCS,,False,False
IMER-12010006 p8 L13,2,8,PART,MAIN,12/1,12/1,L1001401,PLATE SCRAPER BELT,,,PCS,,False,False
IMER-12010006 p8 L14,2,8,PART,MAIN,12/2,12/2,L1001400,SCRAPER SUPPORT,,,PCS,,False,False
IMER-12010006 p8 L15,2,8,PART,MAIN,12/3,12/3,67401105,RUBBER SUPPORT,,,PCS,,False,False
IMER-12010006 p8 L16,2,8,PART,MAIN,12/4,12/4,44250522,SPRING,,,PCS,,False,False
IMER-12010006 p8 L17,2,8,PART,MAIN,13,13,58002600,PULLEY 180X28,,,PCS,,False,True
IMER-12010006 p8 L18,2,8,PART,MAIN,14,14,58002602,PULLEY 180X38,,,PCS,,False,True
IMER-12010006 p8 L19,2,8,PART,MAIN,15,15,67700600,REDUCTION GEAR R2I 125,,,PCS,,False,True
IMER-12010006 p8 L20,2,8,PART,MAIN,16,16,K1003377,DRIVING ROLLER D=320 L=950,,,PCS,,False,False
IMER-12010006 p8 L21,2,8,PART,MAIN,17,17,3214777,WHEEL KIT,,,PCS,,False,False
IMER-12010006 p8 L22,2,8,PART,MAIN,18,18,F5403704,LIMIT SWITCH,,,PCS,,False,False
IMER-12010006 p8 L23,2,8,PART,MAIN,19,19,30101002,STEEL CABLE,,,PCS,,False,False
IMER-12010006 p8 L24,2,8,PART,MAIN,20,20,K1021556,HEADER MODULE,,,PCS,,False,False
IMER-12010006 p8 L25,2,8,PART,MAIN,21,21,K1003430,TAIL MODULE,,,PCS,,False,False
IMER-12010006 p10 L1,3,10,PART,MAIN,1,1,78000800,Y SUPPORT SKF TIPO SY 60 TF,,,PCS,,False,False
IMER-12010006 p10 L2,3,10,PART,MAIN,2,2,12502970,BELT 1320 mm,,,PCS,,False,False
IMER-12010006 p10 L3,3,10,PART,MAIN,3,3,45802300,"MOTOR 7,5KW 3F 4P 230-400/50 B3 IE1 S3",,,PCS,,False,False
IMER-12010006 p10 L4,3,10,PART,MAIN,4,4,70801303,ROLLER D.60 L=121,,,PCS,,False,False
IMER-12010006 p10 L5,3,10,PART,MAIN,5,5,70802323,ROLLER CH17 D=89 L=323,,,PCS,,False,False
IMER-12010006 p10 L6,3,10,PART,MAIN,6,6,70802324,TRANSVERSAL ROLLER CH17 D=76 L=958,,,PCS,,False,False
IMER-12010006 p10 L7,3,10,PART,MAIN,7,7,79201195,RUBBER BELT 11500X800,,,PCS,,False,False
IMER-12010006 p10 L8,3,10,PART,MAIN,8,8,L1000916,SCREW M24X450,,,PCS,,False,False
IMER-12010006 p10 L9,3,10,PART,MAIN,9,9,K1003380,IDLE ROLLER D=320 L=950,,,PCS,,False,False
IMER-12010006 p10 L10,3,10,PART,MAIN,10,10,F8984830,Y SUPPORT TU 45 TF,,,PCS,,False,False
IMER-12010006 p10 L11,3,10,PART,MAIN,11,11,K1002674,STONE GUARD,,,PCS,,False,False
IMER-12010006 p10 L12,3,10,PART,MAIN,12,12,K1005203,FIXED SCRAPER BELT,,,PCS,,False,False
IMER-12010006 p10 L13,3,10,PART,MAIN,12/1,12/1,L1001401,PLATE SCRAPER BELT,,,PCS,,False,False
IMER-12010006 p10 L14,3,10,PART,MAIN,12/2,12/2,L1001400,SCRAPER SUPPORT,,,PCS,,False,False
IMER-12010006 p10 L15,3,10,PART,MAIN,12/3,12/3,67401105,RUBBER SUPPORT,,,PCS,,False,False
IMER-12010006 p10 L16,3,10,PART,MAIN,12/4,12/4,44250522,SPRING,,,PCS,,False,False
IMER-12010006 p10 L17,3,10,PART,MAIN,13,13,58002600,PULLEY 180X28,,,PCS,,False,False
IMER-12010006 p10 L18,3,10,PART,MAIN,14,14,58002602,PULLEY 180X38,,,PCS,,False,False
IMER-12010006 p10 L19,3,10,PART,MAIN,15,15,67700600,REDUCTION GEAR R2I 125,,,PCS,,False,False
IMER-12010006 p10 L20,3,10,PART,MAIN,16,16,K1003377,DRIVING ROLLER D=320 L=950,,,PCS,,False,False
IMER-12010006 p10 L21,3,10,PART,MAIN,17,17,3214777,WHEEL KIT,,,PCS,,False,False
IMER-12010006 p10 L22,3,10,PART,MAIN,18,18,F5403704,LIMIT SWITCH,,,PCS,,False,False
IMER-12010006 p10 L23,3,10,PART,MAIN,19,19,30101002,STEEL CABLE,,,PCS,,False,False
IMER-12010006 p10 L24,3,10,PART,MAIN,20,20,K1019289,HEADER MODULE,,,PCS,,False,False
IMER-12010006 p10 L25,3,10,PART,MAIN,21,21,K1003430,TAIL MODULE,,,PCS,,False,False
IMER-12010006 p12 L1,4,12,PART,MAIN,1,1,K1032164,CARTER,,,PCS,,False,False
IMER-12010006 p12 L2,4,12,PART,MAIN,2,2,K1032117,CONVEYOR,,,PCS,,False,False
IMER-12010006 p12 L3,4,12,PART,MAIN,3,3,K1031754,SCRAPER,,,PCS,,False,False
IMER-12010006 p12 L4,4,12,PART,MAIN,4,4,34833800,HIDRODINAMIC JOINT,,,PCS,,False,False
IMER-12010006 p12 L5,4,12,PART,MAIN,5,5,12507400,V BELT SPB 2800,,,PCS,,False,True
IMER-12010006 p12 L6,4,12,PART,MAIN,6,6,L1018078,SPACER GIUNTO IDRODINAMICO,,,PCS,,False,False
IMER-12010006 p12 L7,4,12,PART,MAIN,7,7,58007140,PULLEY 250X48,,,PCS,,False,True
IMER-12010006 p12 L8,4,12,PART,MAIN,8,8,67701490,REDUCTION GEAR R2I 210,,,PCS,,False,True
IMER-12010006 p12 L9,4,12,PART,MAIN,9,9,78000955,Y SUPPORT SYJ 90 TF,,,PCS,,False,True
IMER-12010006 p12 L10,4,12,PART,MAIN,10,10,L1017263,WEAR PLATE,,,PCS,,False,False
IMER-12010006 p12 L11,4,12,PART,MAIN,11,11,79202003,RUBBER BELT 61850X1000,,,PCS,,False,False
IMER-12010006 p12 L12,4,12,PART,MAIN,12,12,L1017038,COVER L=830,,,PCS,,False,False
IMER-12010006 p12 L13,4,12,PART,MAIN,12,12,L1017184,COVER L=500,,,PCS,,False,False
IMER-12010006 p12 L14,4,12,PART,MAIN,13,13,K1031591,DRIVING ROLLER 520X1130,,,PCS,,False,False
IMER-12010006 p12 L15,4,12,PART,MAIN,14,14,K1032163,CARTER,,,PCS,,False,False
IMER-12010006 p12 L16,4,12,PART,MAIN,15,15,K1031749,ROLLER 164x1050,,,PCS,,False,True
IMER-12010006 p12 L17,4,12,PART,MAIN,16,16,78101000,Y SUPPORT FY 45 TF,,,PCS,,False,True
IMER-12010006 p12 L18,4,12,PART,MAIN,17,17,K1033231,CARTER,,,PCS,,False,False
IMER-12010006 p12 L19,4,12,PART,MAIN,18,18,L1017870,SUPPORT,,,PCS,,False,False
IMER-12010006 p12 L20,4,12,PART,MAIN,19,19,45805109,MOTOR 45KW 4P 400-690/50HZ,,,PCS,,False,True
IMER-12010006 p12 L21,4,12,PART,MAIN,20,20,70802392,TRANSVERSAL ROLLER D=76 L=1158,,,PCS,,False,False
IMER-12010006 p12 L22,4,12,PART,MAIN,21,21,K1032368,FRAME L=2813,,,PCS,,False,False
IMER-12010006 p12 L23,4,12,PART,MAIN,22,22,70801303,ROLLER D.60 L=121,,,PCS,,False,False
IMER-12010006 p12 L24,4,12,PART,MAIN,23,23,K1030898,ROLLER SUPPORT 30°,,,PCS,,False,False
IMER-12010006 p12 L25,4,12,PART,MAIN,24,24,K1031104,FRAME L=6000,,,PCS,,False,False
IMER-12010006 p12 L26,4,12,PART,MAIN,24,24,K1031709,FRAME L=3000,,,PCS,,False,False
IMER-12010006 p12 L27,4,12,PART,MAIN,25,25,L1017037,COVER L=1500,,,PCS,,False,False
IMER-12010006 p12 L28,4,12,PART,MAIN,26,26,70802113,ROLLER CH17 D=89 L=358,,,PCS,,False,True
IMER-12010006 p12 L29,4,12,PART,MAIN,27,27,70802391,ROLLER D=89 l=388,,,PCS,,False,True
IMER-12010006 p12 L30,4,12,PART,MAIN,28,28,K1031750,ROLLER SUPPORT 25°,,,PCS,,False,False
IMER-12010006 p12 L31,4,12,PART,MAIN,28,28,K1031751,ROLLER SUPPORT 20°,,,PCS,,False,False
IMER-12010006 p13 L1,4,13,PART,MAIN,28,28,K1031752,ROLLER SUPPORT 15°,,,PCS,,False,False
IMER-12010006 p13 L2,4,13,PART,MAIN,28,28,K1031753,ROLLER SUPPORT 10°,,,PCS,,False,False
IMER-12010006 p13 L3,4,13,PART,MAIN,29,29,K1032374,TRAMOGGIA,,,PCS,,False,False
IMER-12010006 p13 L4,4,13,PART,MAIN,29/1,29/1,25601655,RUBBER GASKET 120X8,,,PCS,,False,False
IMER-12010006 p13 L5,4,13,PART,MAIN,30,30,L1017467,CARTER SX,,,PCS,,False,False
IMER-12010006 p13 L6,4,13,PART,MAIN,31,31,L1017468,CARTER DX,,,PCS,,False,False
IMER-12010006 p13 L7,4,13,PART,MAIN,32,32,30101002,STEEL CABLE,,,PCS,,False,False
IMER-12010006 p13 L8,4,13,PART,MAIN,33,33,X2500265,LIMITSWITCH RIGHT,,,PCS,,False,False
IMER-12010006 p13 L9,4,13,PART,MAIN,33,33,X2500266,LIMITSWITCH LEFT,,,PCS,,False,False
IMER-12010006 p13 L10,4,13,PART,MAIN,34,34,K1032357,FRAME L=2994,,,PCS,,False,False
IMER-12010006 p13 L11,4,13,PART,MAIN,35,35,K1032417,STONE GUARD,,,PCS,,False,False
IMER-12010006 p13 L12,4,13,PART,MAIN,36,36,78000700,Y SUPPORT SY 55 TF,,,PCS,,False,True
IMER-12010006 p13 L13,4,13,PART,MAIN,37,37,L1017465,TENSION SCREW M27x1200,,,PCS,,False,True
IMER-12010006 p13 L14,4,13,PART,MAIN,38,38,K1032359,TAIL DX,,,PCS,,False,False
IMER-12010006 p13 L15,4,13,PART,MAIN,39,39,K1032358,TAIL SX,,,PCS,,False,False
IMER-12010006 p13 L16,4,13,PART,MAIN,40,40,L1017466,MESH GUARD,,,PCS,,False,False
IMER-12010006 p13 L17,4,13,PART,MAIN,41,41,K1029662,IDLE ROLLER D=400 L=1130,,,PCS,,False,False
IMER-12010006 p13 L18,4,13,PART,MAIN,42,42,K1032367,PLATE,,,PCS,,False,False
IMER-12010006 p13 L19,4,13,PART,MAIN,43,43,L1017464,CARTER,,,PCS,,False,False
IMER-12010006 p13 L20,4,13,PART,MAIN,44,44,70802405,RETURN ROLLER 89/15x388,,,PCS,,False,True
IMER-12010006 p13 L21,4,13,PART,MAIN,45,45,K1032413,CARTER SX,,,PCS,,False,False
IMER-12010006 p13 L22,4,13,PART,MAIN,46,46,K1032414,CARTER DX,,,PCS,,False,False
IMER-12010006 p13 L23,4,13,PART,MAIN,47,47,L1018158,SPACER,,,PCS,,False,False
IMER-12010006 p13 L24,4,13,PART,MAIN,A,A,K1032371,HEADER MODULE,,,PCS,,False,False
IMER-12010006 p13 L25,4,13,PART,MAIN,B,B,K1032360,TAIL MODULE,,,PCS,,False,False
IMER-12010006 p15 L1,5,15,PART,MAIN,1,1,13011679,SCREW FEEDER ES 323/12000/22°30'/M49,,,PCS,,False,False
IMER-12010006 p15 L2,5,15,PART,MAIN,1,1,13011648,SCREW FEEDER TS 273/6000/22°30'/S25,,,PCS,,False,False
IMER-12010006 p15 L3,5,15,PART,MAIN,1/1,1/1,WCOC0001,ELECTRIC MOTOR SERIAL NUMBER,,,PCS,,False,False
IMER-12010006 p15 L4,5,15,PART,MAIN,1/2,1/2,WCOC0002,GEARBOX SERIAL NUMBER,,,PCS,,False,False
IMER-12010006 p15 L5,5,15,PART,MAIN,1/3,1/3,WCOC0003,COMPLETE INTERMEDIATE SUPPORT SERIAL NUMBER,,,PCS,,False,False
IMER-12010006 p15 L6,5,15,PART,MAIN,1/4,1/4,WCOC0004,COMPLETE TERMINAL SUPPORT SERIAL NUMBER,,,PCS,,False,False
IMER-12010006 p15 L7,5,15,PART,MAIN,1/5,1/5,WCOC0005,SPIRAL FOR SCREW FEEDER SERIAL NUMBER,,,PCS,,False,False
IMER-12010006 p15 L8,5,15,PART,MAIN,2,2,67401420,RUBBER TUBE Ø340 H300,,,PCS,,False,False
IMER-12010006 p15 L9,5,15,PART,MAIN,2,2,67401437,RUBBER TUBE Ø340 H200,,,PCS,,False,False
IMER-12010006 p15 L10,5,15,PART,MAIN,2,2,67401418,RUBBER TUBE Ø295 H300,,,PCS,,False,False
IMER-12010006 p15 L11,5,15,PART,MAIN,2,2,67401436,RUBBER TUBE Ø295 H200,,,PCS,,False,False
IMER-12010006 p15 L12,5,15,PART,MAIN,3,3,24703100,CLAMP IPROFLEX 325 X 12 X 50,,,PCS,,False,False
IMER-12010006 p15 L13,5,15,PART,MAIN,4,4,90501500,BUTTERFLY VALVE V2 FF/300 XKF191 H=100,,,PCS,,False,False
IMER-12010006 p15 L14,5,15,PART,MAIN,5,5,F5002000,COMPLETE CLAMP,,,PCS,,False,False
IMER-12010006 p15 L15,5,15,PART,MAIN,6,6,90501600,MANUAL CONTROL V1FF E V1FS/V2FS,,,PCS,,False,False
IMER-12010006 p17 L1,6,17,PART,MAIN,1,1,12000953,DOUBLE-ACTING PNEUM. CYLINDER 100/290 CPM,,,PCS,,False,True
IMER-12010006 p17 L2,6,17,PART,MAIN,2,2,12003255,"FORK M20X1,5",,,PCS,,False,False
IMER-12010006 p17 L3,6,17,PART,MAIN,3,3,F8980508,"COMPLETE RAPID DISCHARGE VALVE VSR 1/2""",,,PCS,,False,False
IMER-12010006 p17 L4,6,17,PART,MAIN,4/1,4/1,23000611,COIL 24VCC,,,PCS,,False,False
IMER-12010006 p17 L5,6,17,PART,MAIN,4,4,F8450311,SOLENOID VALVE E5-W-1/4 24VCC,,,PCS,,False,True
IMER-12010006 p17 L6,6,17,PART,MAIN,5,5,86801000,RILSAN PIPE Ø 10X8 (PER MT),,,PCS,,False,False
IMER-12010006 p17 L7,6,17,PART,MAIN,6,6,27250800,LUBRICATOR REG. FILTER GROUP FR+L 1/2 20 RA 08 MN TMV,,,PCS,,False,False
IMER-12010006 p17 L8,6,17,PART,MAIN,7,7,43501000,PRESSURE GAUGE M40 1/8 0-12 BAR/PSI,,,PCS,,False,False
IMER-12010006 p17 L9,6,17,PART,MAIN,8,8,91704100,"BALL VALVE ""1/2"""" MF""",,,PCS,,False,False
IMER-12010006 p17 L10,6,17,PART,MAIN,9,9,85600500,RUBBER HOSE Ø 10/19,,,PCS,,False,False
IMER-12010006 p17 L11,6,17,PART,MAIN,10,10,27250810,"REGULATOR FILTER 1/2""",,,PCS,,False,False
IMER-12010006 p17 L12,6,17,PART,MAIN,11,11,27250700,"LUBRICATOR REG. FILTER GROUP 1/4""",,,PCS,,False,False
IMER-12010006 p17 L13,6,17,PART,MAIN,12,12,23000512,SOLENOID VALVE E3-W-1/4-1S 24VDC,,,PCS,,False,False
IMER-12010006 p17 L14,6,17,PART,MAIN,12/1,12/1,23000613,COIL 24VCC,,,PCS,,False,False
IMER-12010006 p17 L15,6,17,PART,MAIN,13,13,F2802530,AIT TANK FOR NOZZLE,,,PCS,,False,False
IMER-12010006 p17 L16,6,17,PART,MAIN,14,14,F2800990,NOZZLE,,,PCS,,False,False
IMER-12010006 p17 L17,6,17,PART,MAIN,15,15,67401761,AIR PLATE I1006N,,,PCS,,False,False
IMER-12010006 p17 L18,6,17,PART,MAIN,16,16,23000608,"SOLENOID VALVE E5-W-1/4"" 24VCC",,,PCS,,False,False
IMER-12010006 p17 L19,6,17,PART,MAIN,16/1,16/1,23000613,COIL 24VCC,,,PCS,,False,False
IMER-12010006 p17 L20,6,17,PART,MAIN,17,17,74250500,"SILENCER 1/4"" G",,,PCS,,False,False
IMER-12010006 p17 L21,6,17,PART,MAIN,18,18,66501000,"REDUCING VALVE 1/4"" G",,,PCS,,False,False
IMER-12010006 p17 L22,6,17,PART,MAIN,19,19,93101001,"REDUCING VALVE 1/4"" G -10BAR",,,PCS,,False,False
IMER-12010006 p19 L1,7,19,PART,MAIN,1,1,F1282107,LOAD CELL GROUP 1100KG,,,PCS,,False,False
IMER-12010006 p19 L2,7,19,PART,MAIN,1/1,1/1,M2500499,ELASTOMER,,,PCS,,False,False
IMER-12010006 p19 L3,7,19,PART,MAIN,1/2,1/2,M2501572,LOAD CELL 1100 KG,,,PCS,,False,False
IMER-12010006 p19 L4,7,19,PART,MAIN,1/3,1/3,X1750540,COPPER PLAIT CEM FL 16-420,,,PCS,,False,False
IMER-12010006 p19 L5,7,19,PART,MAIN,2,2,94100500,VIBRATOR MVSI 3/100-S90 FC 50 HZ,,,PCS,,False,True
IMER-12010006 p19 L6,7,19,PART,MAIN,3,3,86001000,PVC PIPE D=90,,,PCS,,False,True
IMER-12010006 p19 L7,7,19,PART,MAIN,3,3,24701200,CLAMP BLOKMAS D=98-103,,,PCS,,False,True
IMER-12010006 p19 L8,7,19,PART,MAIN,4,4,F8450199,COMPLETE BUTTERFLY VALVE V1 FS/300 24VCC,,,PCS,,False,True
IMER-12010006 p19 L9,7,19,PART,MAIN,5,5,67401437,RUBBER TUBE Ø340 H200,,,PCS,,False,True
IMER-12010006 p19 L10,7,19,PART,MAIN,5,5,67401421,RUBBER TUBE Ø340 H500,,,PCS,,False,False
IMER-12010006 p19 L11,7,19,PART,MAIN,6,6,K1014844,LOAD CELL GROUP NBC 1760KG,,,PCS,,False,False
IMER-12010006 p19 L12,7,19,PART,MAIN,6/1,6/1,M2501575,"LOAD CELL FB 31,7 TS2 1760KG",,,PCS,,False,True
IMER-12010006 p19 L13,7,19,PART,MAIN,6/2,6/2,80700180,TERMINAL 12M,,,PCS,,False,False
IMER-12010006 p19 L14,7,19,PART,MAIN,6/3,6/3,X1750540,COPPER PLAIT CEM FL 16-420,,,PCS,,False,False
IMER-12010006 p19 L15,7,19,PART,MAIN,7,7,90551255,BUTTERFLY VALVE DN65 PN16,,,PCS,,False,False
IMER-12010006 p19 L16,7,19,PART,MAIN,8,8,F8450248,BUTTERFLY VALVE V1 FS/250 24VCC 2BAR,,,PCS,,False,True
IMER-12010006 p19 L17,7,19,PART,MAIN,9,9,67401418,RUBBER TUBE Ø295 H300,,,PCS,,False,True
IMER-12010006 p19 L18,7,19,PART,MAIN,9,9,24703100,CLAMP IPROFLEX 325 X 12 X 50,,,PCS,,False,True
IMER-12010006 p19 L19,7,19,PART,MAIN,10,10,91700520,"BALL VALVE 1"" MF",,,PCS,,False,False
IMER-12010006 p19 L20,7,19,PART,MAIN,11,11,85601450,RUBBER HOSE DI=60,,,PCS,,False,False
IMER-12010006 p19 L21,7,19,PART,MAIN,11,11,24701100,CLAMP 68-73,,,PCS,,False,False
IMER-12010006 p19 L22,7,19,PART,MAIN,12,12,85601470,RUBBER HOSE d)=76,,,PCS,,False,False
IMER-12010006 p19 L23,7,19,PART,MAIN,12,12,24701150,CLAMP BLOKMAS D=86-91,,,PCS,,False,False
IMER-12010006 p19 L24,7,19,PART,MAIN,13,13,52211320,"ELECTROPUMP IR 50X160NB 7,5KW 230-400V/50",,,PCS,,False,False
IMER-12010006 p19 L25,7,19,PART,MAIN,14,14,F8984942,"ASTER VALVE D=1/4"" M X 11 RID. 3/8""",,,PCS,,False,False
IMER-12010006 p21 L1,8,21,PART,MAIN,1,1,35500110,SHACKLE 500KG,,,PCS,,False,False
IMER-12010006 p21 L2,8,21,PART,MAIN,2,2,K1007743,SAC FOR AIRBAG 4000LT,,,PCS,,False,False
IMER-12010006 p21 L3,8,21,PART,MAIN,3,3,24703300,CLAMP VERYFLEX 525 X 9,,,PCS,,False,False
IMER-12010006 p21 L4,8,21,PART,MAIN,4,4,86002200,PVC PIPE D=300,,,PCS,,False,False
IMER-12010006 p21 L5,8,21,PART,MAIN,4,4,24703100,CLAMP IPROFLEX 325 X 12 X 50,,,PCS,,False,False
IMER-12010006 p23 L1,9,23,PART,MAIN,1,1,20002117,VIBRATOR 220-380V/50HZ FRC2V12-13,,,PCS,,False,False
IMER-12010006 p23 L2,9,23,PART,MAIN,1,1,20002104,VIBRATOR 220-380V/50HZ FRC2V12-13,,,PCS,,False,False
IMER-12010006 p23 L3,9,23,PART,MAIN,2,2,20002148,FILTER BODY SUPERIORE D.800,,,PCS,,False,False
IMER-12010006 p23 L4,9,23,PART,MAIN,3,3,20002295,JUNCTION BOX,,,PCS,,False,False
IMER-12010006 p23 L5,9,23,PART,MAIN,4,4,20002117,VIBRATOR 220-380V/50HZ FRC2V12-13,,,PCS,,False,False
IMER-12010006 p23 L6,9,23,PART,MAIN,5,5,20002294,VIBRATOR GROUP,,,PCS,,False,False
IMER-12010006 p23 L7,9,23,PART,MAIN,6,6,20002252,CARTRIDGE KIT H750 FC 3V20 FC3V20,,,PCS,,False,True
IMER-12010006 p23 L8,9,23,PART,MAIN,6,6,20002142,CARTRIDGE KIT L=500 (14PZ) FRC3V12,,,PCS,,False,True
IMER-12010006 p23 L9,9,23,PART,MAIN,7,7,20002118,KEY ESTRATTRICE CARTUCCE,,,PCS,,False,False
IMER-12010006 p23 L10,9,23,PART,MAIN,8,8,20002143,FILTER BODY INFERIORE D.800 FCV3V12,,,PCS,,False,False
IMER-12010006 p23 L11,9,23,PART,MAIN,8,8,20002121,FILTER BODY INFERIORE D.800 FCV3V20,,,PCS,,False,False
IMER-12010006 p23 L12,9,23,PART,MAIN,9,9,47500180,HOPPER DK800 N°2 INGR,,,PCS,,False,False
IMER-12010006 p23 L13,9,23,PART,MAIN,10,10,24703100,CLAMP IPROFLEX 325 X 12 X 50,,,PCS,,False,False
IMER-12010006 p23 L14,9,23,PART,MAIN,11,11,86001300,PVC PIPE D=120,,,PCS,,False,False
IMER-12010006 p23 L15,9,23,PART,MAIN,12,12,90500600,MANUAL CONTROL V1FS/V2FS,,,PCS,,False,False
IMER-12010006 p23 L16,9,23,PART,MAIN,12,12,90500700,BUTTERFLY VALVE V1 FS/300 SN,,,PCS,,False,False
IMER-12010006 p23 L17,9,23,PART,MAIN,13,13,20002182,CLAMP SUPERIORE D.800,,,PCS,,False,False
IMER-12010006 p23 L18,9,23,PART,MAIN,14,14,20002181,CLAMP INFERIORE D.800,,,PCS,,False,False
IMER-12010006 p25 L1,10,25,PART,MAIN,1,1,91502011,VALVE VCP,,,PCS,,False,True
IMER-12010006 p25 L2,10,25,PART,MAIN,2,2,91502013,LOCKING DISC FOR VCP 206 FW9Z1A,,,PCS,,False,False
IMER-12010006 p25 L3,10,25,PART,MAIN,3,3,91502026,DISC FOR VALVE MOD. 20661511/A,,,PCS,,False,False
IMER-12010006 p25 L4,10,25,PART,MAIN,4,4,91502022,VALVE CLOSING PLATE,,,PCS,,False,False
IMER-12010006 p25 L5,10,25,PART,MAIN,5,5,91502012,VALVE SUPPORT TO BE WELTED,,,PCS,,False,False
IMER-12010006 p27 L1,11,27,PART,MAIN,1,1,67401887,LOAD CELL FCOL 100KG,,,PCS,,False,True
IMER-12010006 p27 L2,11,27,PART,MAIN,2,2,67401881,"PNEUMATIC BALL VALVE 1/2""",,,PCS,,False,True
IMER-12010006 p27 L3,11,27,PART,MAIN,3,3,67401935,INOX TANK 45LT,,,PCS,,False,False
IMER-12010006 p27 L4,11,27,PART,MAIN,4,4,67401936,"PNEUMATIC BALL VALVE W/SWITCH 2""1/2 + FC",,,PCS,,False,True
IMER-12010006 p27 L5,11,27,PART,MAIN,5,5,67401937,"PNEUMATIC BALL VALVE W/SWITCH 1""1/2",,,PCS,,False,False
IMER-12010006 p27 L6,11,27,PART,MAIN,6,6,F9090093,"VALVE 1""1/2 + VALSTOP",,,PCS,,False,False
IMER-12010006 p27 L7,11,27,PART,MAIN,7,7,67401926,ELECTROPUMP BMF70 230-400/50 70Lt/min,,,PCS,,False,False
IMER-12010006 p29 L1,12,29,PART,MAIN,1,1,90500700,BUTTERFLY VALVE V1 FS/300 SN,,,PCS,,False,False
IMER-12010006 p29 L2,12,29,PART,MAIN,1,1,90500300,BUTTERFLY VALVE V1 FS/150 SN,,,PCS,,False,False
IMER-12010006 p29 L3,12,29,PART,MAIN,1,1,90500400,BUTTERFLY VALVE V1 FS/200 SN,,,PCS,,False,False
IMER-12010006 p29 L4,12,29,PART,MAIN,1,1,90500500,BUTTERFLY VALVE V1 FS/250 SN,,,PCS,,False,False
IMER-12010006 p29 L5,12,29,PART,MAIN,1/1,1/1,90500720,CIRCULAR GASKET V1 FS/300 E V2 FF/300,,,PCS,,False,False
IMER-12010006 p29 L6,12,29,PART,MAIN,1/1,1/1,L1000644,GASKET V1 FS/150,,,PCS,,False,False
IMER-12010006 p29 L7,12,29,PART,MAIN,1/1,1/1,90500718,CIRCULAR GASKET V1 FS/200,,,PCS,,False,False
IMER-12010006 p29 L8,12,29,PART,MAIN,1/1,1/1,90500719,CIRCULAR GASKET V1 FS/250,,,PCS,,False,False
IMER-12010006 p29 L9,12,29,PART,MAIN,2,2,F8450204,ELECTROPNEUMATIC DRIVE 24VCC CONN. D.22,,,PCS,,False,False
IMER-12010006 p29 L10,12,29,PART,MAIN,2,2,F8450253,ELECTROPNEUMATIC DRIVE 24VCC CONN. D.30,,,PCS,,False,False
IMER-12010006 p29 L11,12,29,PART,MAIN,2/1,2/1,90501100,TRANSMISSION CYLINDER,,,PCS,,False,False
IMER-12010006 p29 L12,12,29,PART,MAIN,2/2,2/2,23000501,SOLENOID VALVE E5-V 1/4 24VCC CONN. D.22,,,PCS,,False,False
IMER-12010006 p29 L13,12,29,PART,MAIN,2/2,2/2,23000626,SOLENOID VALVE E5-V 1/4 24VCC CONN. D.30,,,PCS,,False,False
IMER-12010006 p29 L14,12,29,PART,MAIN,2/2/1,2/2/1,23000611,COIL 24VCC,,,PCS,,False,False
IMER-12010006 p29 L15,12,29,PART,MAIN,2/3,2/3,90500920,MICROSWITCHES,,,PCS,,False,False
IMER-12010006 p29 L16,12,29,PART,MAIN,2/4,2/4,74250500,"SILENCER 1/4"" G",,,PCS,,False,False
IMER-12010006 p31 L1,13,31,PART,MAIN,1,1,90500330,BUTTERFLY VALVE V1 FS/250 T=2 BAR,,,PCS,,False,False
IMER-12010006 p31 L2,13,31,PART,MAIN,1,1,90500320,BUTTERFLY VALVE V1 FS/200 T=2 BAR,,,PCS,,False,False
IMER-12010006 p31 L3,13,31,PART,MAIN,1,1,90500310,BUTTERFLY VALVE V1 FS/150 T=2 BAR,,,PCS,,False,False
IMER-12010006 p31 L4,13,31,PART,MAIN,1/1,1/1,90500756,CIRCULAR GASKET V1 FS/250 T=2 BAR,,,PCS,,False,False
IMER-12010006 p31 L5,13,31,PART,MAIN,1/1,1/1,90500754,CIRCULAR GASKET V1 FS/200 T=2 BAR,,,PCS,,False,False
IMER-12010006 p31 L6,13,31,PART,MAIN,1/1,1/1,90500755,CIRCULAR GASKET V1 FS/150 T=2 BAR,,,PCS,,False,False
IMER-12010006 p31 L7,13,31,PART,MAIN,2,2,F8450204,ELECTROPNEUMATIC DRIVE 24VCC CONN. D.22,,,PCS,,False,False
IMER-12010006 p31 L8,13,31,PART,MAIN,2,2,F8450253,ELECTROPNEUMATIC DRIVE 24VCC CONN. D.30,,,PCS,,False,False
IMER-12010006 p31 L9,13,31,PART,MAIN,2/1,2/1,90501100,TRANSMISSION CYLINDER,,,PCS,,False,False
IMER-12010006 p31 L10,13,31,PART,MAIN,2/2,2/2,23000501,SOLENOID VALVE E5-V 1/4 24VCC CONN. D.22,,,PCS,,False,False
IMER-12010006 p31 L11,13,31,PART,MAIN,2/2,2/2,23000626,SOLENOID VALVE E5-V 1/4 24VCC CONN. D.30,,,PCS,,False,False
IMER-12010006 p31 L12,13,31,PART,MAIN,2/2/1,2/2/1,23000611,COIL 24VCC,,,PCS,,False,False
IMER-12010006 p31 L13,13,31,PART,MAIN,2/3,2/3,90500920,MICROSWITCHES,,,PCS,,False,False
IMER-12010006 p31 L14,13,31,PART,MAIN,2/4,2/4,74250500,"SILENCER 1/4"" G",,,PCS,,False,False
IMER-12010006 p33 L1,14,33,PART,MAIN,A,A,K1031359,COMPLETE ANTIWEAR BOTTOM HM 12+8,,,PCS,,False,True
IMER-12010006 p33 L2,14,33,PART,MAIN,B,B,K1031365,COMPLETE ANTIWEAR SHELL HM 12+8 - 4500/3000,,,PCS,,False,True
IMER-12010006 p33 L3,14,33,PART,MAIN,C,C,K1033360,DOOR GROUP,,,PCS,,False,True
IMER-12010006 p33 L4,14,33,PART,MAIN,1,1,K1030247,MIXER HOPPER MD 4500//3000,,,PCS,,False,True
IMER-12010006 p33 L5,14,33,PART,MAIN,2,2,K1031362,SHELL PLATE HM 12+8,,,PCS,,False,True
IMER-12010006 p33 L6,14,33,PART,MAIN,3,3,K1031360,EXTERNAL PLATE HM 12+8,,,PCS,,False,True
IMER-12010006 p33 L7,14,33,PART,MAIN,4,4,K1031361,CENTRAL PLATE HM 12+8,,,PCS,,False,True
IMER-12010006 p33 L8,14,33,PART,MAIN,5,5,95654500,SCREW WITH NUT TS M12X35,,,PCS,,False,True
IMER-12010006 p33 L9,14,33,PART,MAIN,6,6,69300976,GROWER WASHER A13,,,PCS,,False,True
IMER-12010006 p33 L10,14,33,PART,MAIN,6,6,68701101,WASHER 13X24,,,PCS,,False,True
IMER-12010006 p33 L11,14,33,PART,MAIN,7,7,L1017947,SIDE DOOR WEAR PLATE GHISA,,,PCS,,False,True
IMER-12010006 p33 L12,14,33,PART,MAIN,8,8,L1017948,DOOR WEAR PLATE L=558,,,PCS,,False,True
IMER-12010006 p33 L13,14,33,PART,MAIN,9,9,L1017951,DOOR SCRAPER WEAR PLATE SP.12 L=958 H400 MD3000,,,PCS,,False,True
IMER-12010006 p33 L14,14,33,PART,MAIN,10,10,95654800,SCREW WITH NUT TS M12X40,,,PCS,,False,True
IMER-12010006 p33 L15,14,33,PART,MAIN,11,11,L1017966,SEAL PLATE,,,PCS,,False,True
IMER-12010006 p33 L16,14,33,PART,MAIN,12,12,68701111,WASHER 13X37X3,,,PCS,,False,True
IMER-12010006 p33 L17,14,33,PART,MAIN,13,13,68701101,WASHER 13X24,,,PCS,,False,True
IMER-12010006 p33 L18,14,33,PART,MAIN,14,14,18602021,NUT M12,,,PCS,,False,True
IMER-12010006 p33 L19,14,33,PART,MAIN,15,15,L1015954,DOOR WEAR PLATE L=500,,,PCS,,False,True
IMER-12010006 p35 L1,15,35,PART,MAIN,1,1,K1031012,MIXING ARM,,,PCS,,False,True
IMER-12010006 p35 L2,15,35,PART,MAIN,2,2,K1031050,SCRAPING ARM RIGHT,,,PCS,,False,True
IMER-12010006 p35 L3,15,35,PART,MAIN,3,3,K1031031,SCRAPING ARM LEFT,,,PCS,,False,True
IMER-12010006 p35 L4,15,35,PART,MAIN,4,4,L1016654,MIXING BLADE GHISA CRA2,,,PCS,,False,True
IMER-12010006 p35 L5,15,35,PART,MAIN,5,5,L1016656,SCRAPING BLADE LEFT GHISA CRA2,,,PCS,,False,True
IMER-12010006 p35 L6,15,35,PART,MAIN,6,6,L1016671,SCRAPING BLADE LEFT GHISA CRA2,,,PCS,,False,True
IMER-12010006 p35 L7,15,35,PART,MAIN,7,7,L1016655,UPPER SCRAPING BLADE RIGHT GHISA CRA2,,,PCS,,False,True
IMER-12010006 p35 L8,15,35,PART,MAIN,8,8,K1031008,SHELL MIXING ARM,,,PCS,,False,True
IMER-12010006 p35 L9,15,35,PART,MAIN,9,9,L1015603,SHAFT L=3024,,,PCS,,False,True
IMER-12010006 p35 L10,15,35,PART,MAIN,10,10,L1014276,CLEANING RING,,,PCS,,False,True
IMER-12010006 p35 L11,15,35,PART,MAIN,11,11,68702001,WASHER 31X56,,,PCS,,False,True
IMER-12010006 p35 L12,15,35,PART,MAIN,12,12,18606000,"NUT M30X3,5",,,PCS,,False,True
IMER-12010006 p35 L13,15,35,PART,MAIN,13,13,68701115,WASHER 22X60X4,,,PCS,,False,True
IMER-12010006 p35 L14,15,35,PART,MAIN,14,14,18502005,NUT M20X1.5,,,PCS,,False,True
IMER-12010006 p35 L15,15,35,PART,MAIN,15,15,69502150,SCHNORR WASHER 20C 70,,,PCS,,False,True
IMER-12010006 p35 L16,15,35,PART,MAIN,16,16,95206940,SCREW TE FP M30X120,,,PCS,,False,True
IMER-12010006 p35 L17,15,35,PART,MAIN,17,17,VLYQ,PROTECTION ARM,,,PCS,,False,True
IMER-12010006 p35 L18,15,35,PART,MAIN,18,18,010112201200,"SCREW TE FP M20X1,5X60",,,PCS,,False,True
IMER-12010006 p37 L1,16,37,PART,MAIN,A,A,K1033873,MOTOR SIDE HOUSING GROUP MD3000,,,PCS,,False,True
IMER-12010006 p37 L2,16,37,PART,MAIN,1,1,K1032630,HOUSING,,,PCS,,False,True
IMER-12010006 p37 L3,16,37,PART,MAIN,2,2,011297010000,BEARING 200C120C65 23124,,,PCS,,False,True
IMER-12010006 p37 L4,16,37,PART,MAIN,3,3,01006550,SHAFT SEAL 140X170X15AS,,,PCS,,False,True
IMER-12010006 p37 L5,16,37,PART,MAIN,4,4,01005500,SHAFT SEAL 130X160X12A,,,PCS,,False,True
IMER-12010006 p37 L6,16,37,PART,MAIN,5,5,L1015132,FLANGE 270X20,,,PCS,,False,True
IMER-12010006 p37 L7,16,37,PART,MAIN,6,6,L1018225,FLANGE 244X20,,,PCS,,False,True
IMER-12010006 p37 L8,16,37,PART,MAIN,7,7,L1018168,SPACER 140X120X37.5,,,PCS,,False,True
IMER-12010006 p37 L9,16,37,PART,MAIN,8,8,34405398,RING NUT KM 24 (M120X2),,,PCS,,False,True
IMER-12010006 p37 L10,16,37,PART,MAIN,9,9,L1015360,SPACER 140X85,,,PCS,,False,True
IMER-12010006 p37 L11,16,37,PART,MAIN,10,10,L1017611,"HOUSING 175,5X61,5",,,PCS,,False,True
IMER-12010006 p37 L12,16,37,PART,MAIN,11,11,L1018201,SPACER 135X42,,,PCS,,False,True
IMER-12010006 p37 L13,16,37,PART,MAIN,12,12,L1017604,"SPACER 172,7X17",,,PCS,,False,True
IMER-12010006 p37 L14,16,37,PART,MAIN,13,13,49441387,GASKET 200700124,,,PCS,,False,True
IMER-12010006 p37 L15,16,37,PART,MAIN,14,14,L1017603,"HOUSING 177,8X25",,,PCS,,False,True
IMER-12010006 p37 L16,16,37,PART,MAIN,15,15,49441340,METALLING SEAL 200700216,,,PCS,,False,True
IMER-12010006 p37 L17,16,37,PART,MAIN,16,16,69300791,"WASHER A10,5",,,PCS,,False,True
IMER-12010006 p37 L18,16,37,PART,MAIN,17,17,94703950,SCREW TCEI TF M10X25,,,PCS,,False,True
IMER-12010006 p37 L19,16,37,PART,MAIN,18,18,68701301,WASHER 17 X 30 UNI 6592-69 R40,,,PCS,,False,True
IMER-12010006 p37 L20,16,37,PART,MAIN,18,18,68701301,WASHER 17 X 30 UNI 6592-69 R40,,,PCS,,False,True
IMER-12010006 p37 L21,16,37,PART,MAIN,19,19,95005802,SCREW TE TF M16X40,,,PCS,,False,True
IMER-12010006 p37 L22,16,37,PART,MAIN,20,20,69770834,SAFETY WASHER MB 24X120,,,PCS,,False,True
IMER-12010006 p37 L23,16,37,PART,MAIN,21,21,97501590,SCREW STEI M10X10,,,PCS,,False,True
IMER-12010006 p37 L24,16,37,PART,MAIN,22,22,K1034226,KIT SEALS ASS. LAN. K1033873/2,,,PCS,,False,True
IMER-12010006 p39 L1,17,39,PART,MAIN,A,A,K1033995,OPPOSITE MOTOR SIDE HOUSING MD3000,,,PCS,,False,True
IMER-12010006 p39 L2,17,39,PART,MAIN,1,1,K1032630,HOUSING,,,PCS,,False,True
IMER-12010006 p39 L3,17,39,PART,MAIN,2,2,011297010000,BEARING 200C120C65 23124,,,PCS,,False,True
IMER-12010006 p39 L4,17,39,PART,MAIN,3,3,01006550,SHAFT SEAL 140X170X15AS,,,PCS,,False,True
IMER-12010006 p39 L5,17,39,PART,MAIN,4,4,01005500,SHAFT SEAL 130X160X12A,,,PCS,,False,True
IMER-12010006 p39 L6,17,39,PART,MAIN,5,5,L1018225,FLANGE 244X20,,,PCS,,False,True
IMER-12010006 p39 L7,17,39,PART,MAIN,6,6,L1015360,SPACER 140X85,,,PCS,,False,True
IMER-12010006 p39 L8,17,39,PART,MAIN,7,7,L1017611,"HOUSING 175,5X61,5",,,PCS,,False,True
IMER-12010006 p39 L9,17,39,PART,MAIN,8,8,L1018201,SPACER 135X42,,,PCS,,False,True
IMER-12010006 p39 L10,17,39,PART,MAIN,9,9,L1017603,"HOUSING 177,8X25",,,PCS,,False,True
IMER-12010006 p39 L11,17,39,PART,MAIN,10,10,49441387,GASKET 200700124,,,PCS,,False,True
IMER-12010006 p39 L12,17,39,PART,MAIN,11,11,L1017604,"SPACER 172,7X17",,,PCS,,False,True
IMER-12010006 p39 L13,17,39,PART,MAIN,12,12,49441340,METALLING SEAL 200700216,,,PCS,,False,True
IMER-12010006 p39 L14,17,39,PART,MAIN,13,13,L1015452,FLANGE 270X59,,,PCS,,False,True
IMER-12010006 p39 L15,17,39,PART,MAIN,14,14,69300791,"WASHER A10,5",,,PCS,,False,True
IMER-12010006 p39 L16,17,39,PART,MAIN,15,15,94703950,SCREW TCEI TF M10X25,,,PCS,,False,True
IMER-12010006 p39 L17,17,39,PART,MAIN,16,16,L1014154,WASHER 134X16,,,PCS,,False,True
IMER-12010006 p39 L18,17,39,PART,MAIN,17,17,69302000,WASHER,,,PCS,,False,True
IMER-12010006 p39 L19,17,39,PART,MAIN,18,18,95007285,SCREW TE TF M24X50,,,PCS,,False,True
IMER-12010006 p39 L20,17,39,PART,MAIN,19,19,68701301,WASHER 17 X 30 UNI 6592-69 R40,,,PCS,,False,True
IMER-12010006 p39 L21,17,39,PART,MAIN,19,19,68701301,WASHER 17 X 30 UNI 6592-69 R40,,,PCS,,False,True
IMER-12010006 p39 L22,17,39,PART,MAIN,20,20,95005802,SCREW TE TF M16X40,,,PCS,,False,True
IMER-12010006 p39 L23,17,39,PART,MAIN,21,21,76601920,ELASTIC PIN 10X40,,,PCS,,False,True
IMER-12010006 p39 L24,17,39,PART,MAIN,22,22,97501590,SCREW STEI M10X10,,,PCS,,False,True
IMER-12010006 p39 L25,17,39,PART,MAIN,23,23,K1034228,KIT SEALS ASS. LAN. K1033995/1,,,PCS,,False,True
IMER-12010006 p41 L1,18,41,PART,MAIN,1,1,45806700,MOTOR 65KW 400-690/50 IE1,,,PCS,,False,False
IMER-12010006 p41 L2,18,41,PART,MAIN,2,2,K1030183,MOTOR SUPPORT RIGHT,,,PCS,,False,False
IMER-12010006 p41 L3,18,41,PART,MAIN,3,3,67600803,GEARBOX DX 311R2 B3,,,PCS,,False,True
IMER-12010006 p41 L4,18,41,PART,MAIN,4,4,K1030250,TIE-ROD M30X200,,,PCS,,False,False
IMER-12010006 p41 L5,18,41,PART,MAIN,5,5,L1015615,PIN SUPPORTO MOTORE,,,PCS,,False,False
IMER-12010006 p41 L6,18,41,PART,MAIN,6,6,L1015450,PULLEY 6G DP500,,,PCS,,False,True
IMER-12010006 p41 L7,18,41,PART,MAIN,7,7,67402183,HOMOCINETIC JOINT T21 EL280,,,PCS,,False,True
IMER-12010006 p41 L8,18,41,PART,MAIN,8,8,12505200,BELT SV 2500,,,PCS,,False,True
IMER-12010006 p41 L9,18,41,PART,MAIN,9,9,58007110,PULLEY 6G DP224,,,PCS,,False,True
IMER-12010006 p41 L10,18,41,PART,MAIN,10,10,67600802,GEARBOX SX 311R2 B1,,,PCS,,False,True
IMER-12010006 p41 L11,18,41,PART,MAIN,11,11,L1015614,TURNBUCKLE SUPPORT L440,,,PCS,,False,False
IMER-12010006 p41 L12,18,41,PART,MAIN,12,12,18606000,"NUT M30X3,5",,,PCS,,False,False
IMER-12010006 p41 L13,18,41,PART,MAIN,13,13,K1030413,GUARD,,,PCS,,False,False
IMER-12010006 p41 L14,18,41,PART,MAIN,14,14,95007210,SCREW TE TF M20X90,,,PCS,,False,False
IMER-12010006 p41 L15,18,41,PART,MAIN,15,15,18603000,NUT M20,,,PCS,,False,False
IMER-12010006 p41 L16,18,41,PART,MAIN,16,16,68761000,WASHER 22 X 60 SP.4,,,PCS,,False,False
IMER-12010006 p41 L17,18,41,PART,MAIN,17,17,95205340,SCREW TE FP M16X190,,,PCS,,False,False
IMER-12010006 p41 L18,18,41,PART,MAIN,18,18,010116300100,NUT M30,,,PCS,,False,False
IMER-12010006 p41 L19,18,41,PART,MAIN,19,19,L1014374,PIN D=24,,,PCS,,False,False
IMER-12010006 p41 L20,18,41,PART,MAIN,20,20,43301010,HANDLE ELESA M 643/140 B-M8,,,PCS,,False,False
IMER-12010006 p41 L21,18,41,PART,MAIN,2,2,K1030316,MOTOR SUPPORT LEFT,,,PCS,,False,False
IMER-12010006 p43 L1,19,43,PART,MAIN,1,1,K1030248,DOOR L=2130,,,PCS,,False,False
IMER-12010006 p43 L2,19,43,PART,MAIN,2,2,78101040,Y SUPPORT FY J 70 TF,,,PCS,,False,True
IMER-12010006 p43 L3,19,43,PART,MAIN,3,3,X7600167,PROXIMITY SWITCH 3RG4023,,,PCS,,False,False
IMER-12010006 p43 L4,19,43,PART,MAIN,4,4,41504154,KEY B20X12X65 UNI 6604-69,,,PCS,,False,False
IMER-12010006 p43 L5,19,43,PART,MAIN,5,5,L1014402,WASHER 75X17X8,,,PCS,,False,False
IMER-12010006 p43 L6,19,43,PART,MAIN,6,6,K1029215,LEVER,,,PCS,,False,False
IMER-12010006 p43 L7,19,43,PART,MAIN,7,7,K1028956,PIN D=25,,,PCS,,False,False
IMER-12010006 p43 L8,19,43,PART,MAIN,8,8,L1015606,PROTECTION 8X307X1960,,,PCS,,False,False
IMER-12010006 p43 L9,19,43,PART,MAIN,9,9,95501800,SCREW TSPEI M12X35,,,PCS,,False,False
IMER-12010006 p43 L10,19,43,PART,MAIN,10,10,68701101,WASHER 13X24,,,PCS,,False,False
IMER-12010006 p43 L11,19,43,PART,MAIN,11,11,18602021,NUT M12,,,PCS,,False,False
IMER-12010006 p43 L12,19,43,PART,MAIN,12,12,95005802,SCREW TE TF M16X40,,,PCS,,False,False
IMER-12010006 p43 L13,19,43,PART,MAIN,13,13,68701301,WASHER 17 X 30 UNI 6592-69 R40,,,PCS,,False,False
IMER-12010006 p43 L14,19,43,PART,MAIN,13,13,68701301,WASHER 17 X 30 UNI 6592-69 R40,,,PCS,,False,False
IMER-12010006 p43 L15,19,43,PART,MAIN,14,14,95001905,SCREW TE TF M8X35,,,PCS,,False,False
IMER-12010006 p43 L16,19,43,PART,MAIN,15,15,F8984154,BOLT M10X30TTQ,,,PCS,,False,False
IMER-12010006 p43 L17,19,43,PART,MAIN,15,15,L1016890,ANTI-WEAR PLATE,,,PCS,,False,False
IMER-12010006 p43 L18,19,43,PART,MAIN,16,16,K1031476,FUNNEL,,,PCS,,False,False
IMER-12010006 p43 L19,19,43,PART,MAIN,17,17,95206920,SCREW TE FP 30X90,,,PCS,,False,False
IMER-12010006 p43 L20,19,43,PART,MAIN,18,18,68702001,WASHER 31X56,,,PCS,,False,False
IMER-12010006 p43 L21,19,43,PART,MAIN,19,19,18606000,"NUT M30X3,5",,,PCS,,False,False
IMER-12010006 p43 L22,19,43,PART,MAIN,20,20,F4254170,CLAMP D=520 C/VITI,,,PCS,,False,False
IMER-12010006 p43 L23,19,43,PART,MAIN,21,21,A0392520,RUBBER TUBE 500X700,,,PCS,,False,False
IMER-12010006 p43 L24,19,43,PART,MAIN,15,15,L1016891,ANTI-WEAR PLATE,,,PCS,,False,False
IMER-12010006 p43 L25,19,43,PART,MAIN,15,15,L1016892,ANTI-WEAR PLATE,,,PCS,,False,False
IMER-12010006 p45 L1,20,45,PART,MAIN,1,1,718293030,CIRCLIP BR160,,,PCS,,False,False
IMER-12010006 p45 L2,20,45,PART,MAIN,2,2,710301051A,SEAL RING 130x160x15 DL NBR,,,PCS,,False,False
IMER-12010006 p45 L3,20,45,PART,MAIN,3,3,6650000372,GEARBOX HOUSING,,,PCS,,False,False
IMER-12010006 p45 L4,20,45,PART,MAIN,4,4,712750062,BEARING 6026,,,PCS,,False,False
IMER-12010006 p45 L5,20,45,PART,MAIN,5,5,712770207A,"SPACER 130,5x144,5x0,40",,,PCS,,False,False
IMER-12010006 p45 L6,20,45,PART,MAIN,6,6,2T235035451,OUTPUT ASSEMBLY,,,PCS,,False,False
IMER-12010006 p45 L7,20,45,PART,MAIN,7,7,712710117,NILOS RING 6026 AV,,,PCS,,False,False
IMER-12010006 p45 L8,20,45,PART,MAIN,8,8,718373003,BOUNDON ELASTIC 16x65 UNI 6873,,,PCS,,False,False
IMER-12010006 p45 L9,20,45,PART,MAIN,9,9,715303315A,O-RING 2.62X107.62,,,PCS,,False,False
IMER-12010006 p45 L10,20,45,PART,MAIN,10,10,6660502110,CENTERING RING,,,PCS,,False,False
IMER-12010006 p45 L11,20,45,PART,MAIN,11,11,718299085A,CIRCLIP,,,PCS,,False,False
IMER-12010006 p45 L12,20,45,PART,MAIN,12,12,2T235337200,"REDUCTION ASSEMBLY 1:6,23",,,PCS,,False,False
IMER-12010006 p45 L13,20,45,PART,MAIN,13,13,715303296,"O-RING 3,5X360",,,PCS,,False,False
IMER-12010006 p45 L14,20,45,PART,MAIN,14,14,6641030031,TOOTH RING z68 m5 h96,,,PCS,,False,False
IMER-12010006 p45 L15,20,45,PART,MAIN,15,15,6643030060,SUN GEAR,,,PCS,,False,False
IMER-12010006 p45 L16,20,45,PART,MAIN,16,16,2T235637200,REDUCTION STAGE 1:6.23,,,PCS,,False,False
IMER-12010006 p45 L17,20,45,PART,MAIN,17,17,712750034,BEARING 16034,,,PCS,,False,False
IMER-12010006 p45 L18,20,45,PART,MAIN,18,18,6653500871,COVER,,,PCS,,False,False
IMER-12010006 p45 L19,20,45,PART,MAIN,19,19,720955018,SCREW M12X120 UNI 5931,,,PCS,,False,False
IMER-12010006 p45 L20,20,45,PART,MAIN,20,20,715303258,"O-RING 3,53X291,69",,,PCS,,False,False
IMER-12010006 p47 L1,21,47,PART,MAIN,1,1,6660000910,"NUT M155x2,00",,,PCS,,False,False
IMER-12010006 p47 L2,21,47,PART,MAIN,2,2,6654001310,FLANGE,,,PCS,,False,False
IMER-12010006 p47 L3,21,47,PART,MAIN,3,3,715303308,"O-RING 430,66x3,53 41700",,,PCS,,False,False
IMER-12010006 p47 L4,21,47,PART,MAIN,4,4,712758019A,BEARING 320320X,,,PCS,,False,False
IMER-12010006 p47 L5,21,47,PART,MAIN,5,5,6632581180,HUB,,,PCS,,False,False
IMER-12010006 p47 L6,21,47,PART,MAIN,6,6,712758139A,BEARING 33210,,,PCS,,False,False
IMER-12010006 p47 L7,21,47,PART,MAIN,7,7,711356017,"SCREW UNI 5739 M12x35-8,8",,,PCS,,False,False
IMER-12010006 p47 L8,21,47,PART,MAIN,8,8,6667505240,"BEVEL GEAR 1:4,066 SX",,,PCS,,False,False
IMER-12010006 p47 L9,21,47,PART,MAIN,9,9,6652000350,HOUSING,,,PCS,,False,False
IMER-12010006 p47 L10,21,47,PART,MAIN,10,10,720961001A,"SCREW UNI5931 M14x40-8,8",,,PCS,,False,False
IMER-12010006 p47 L11,21,47,PART,MAIN,11,11,712770184A,"SPACER 80,2x89,8x0,3",,,PCS,,False,False
IMER-12010006 p47 L12,21,47,PART,MAIN,12,12,712770185A,"SPACER 80,2x89,8x0,10",,,PCS,,False,False
IMER-12010006 p47 L13,21,47,PART,MAIN,13,13,715303242,"O-RING 2,62x82,22",,,PCS,,False,False
IMER-12010006 p47 L14,21,47,PART,MAIN,14,14,6656000050,CAP NUT,,,PCS,,False,False
IMER-12010006 p47 L15,21,47,PART,MAIN,15,15,711355005,"SCREW UNI 5739 M10x25-8,8",,,PCS,,False,False
IMER-12010006 p47 L16,21,47,PART,MAIN,16,16,6661500150,SPACER,,,PCS,,False,False
IMER-12010006 p47 L17,21,47,PART,MAIN,17,17,6661500160,SPACER,,,PCS,,False,False
IMER-12010006 p47 L18,21,47,PART,MAIN,18,18,712480077,KEY 16x10x50 B TS00019,,,PCS,,False,False
IMER-12010006 p47 L19,21,47,PART,MAIN,19,19,712758115,BEARING 70x150x54 32314B,,,PCS,,False,False
IMER-12010006 p47 L20,21,47,PART,MAIN,20,20,715303245A,"O-RING 145,72x2,62 3575",,,PCS,,False,False
IMER-12010006 p47 L21,21,47,PART,MAIN,21,21,6653002260,COVER,,,PCS,,False,False
IMER-12010006 p47 L22,21,47,PART,MAIN,22,22,720971001,"SCREW UNI 5931 M10x45-12,9",,,PCS,,False,False
IMER-12010006 p47 L23,21,47,PART,MAIN,23,23,712758108,"BEARING 60x130x48,5 32312",,,PCS,,False,False
IMER-12010006 p47 L24,21,47,PART,MAIN,24,24,715303244A,"O-RING 2,62x120,32",,,PCS,,False,False
IMER-12010006 p47 L25,21,47,PART,MAIN,25,25,710319006,"SEAL RING 85x110x14,5",,,PCS,,False,False
IMER-12010006 p47 L26,21,47,PART,MAIN,26,26,6657001800,COVER,,,PCS,,False,False
IMER-12010006 p47 L27,21,47,PART,MAIN,27,27,711353005,"SCREW UNI 5739 M6x14-8,8",,,PCS,,False,False
IMER-12010006 p47 L28,21,47,PART,MAIN,28,28,6672000450,CONNECTION FLANGE,,,PCS,,False,False
IMER-12010006 p47 L29,21,47,PART,MAIN,29,29,6661500660,SPACER,,,PCS,,False,False
IMER-12010006 p47 L30,21,47,PART,MAIN,30,30,6661500670,SPACER,,,PCS,,False,False
IMER-12010006 p47 L31,21,47,PART,MAIN,31,31,6656000700,CAP NUT,,,PCS,,False,False
IMER-12010006 p48 L1,21,48,PART,MAIN,32,32,720971107,"SCREW UNI 5931 M12x45-12,9",,,PCS,,False,False
IMER-12010006 p48 L2,21,48,PART,MAIN,33,33,712205054,RUBBER CAP d.80x10,,,PCS,,False,False
IMER-12010006 p48 L3,21,48,PART,MAIN,34,34,713006004A,NUT M12 6S UNI 5588,,,PCS,,False,False
IMER-12010006 p48 L4,21,48,PART,MAIN,35,35,721983015,"STUD SCREW UNI 5911 M12x30-8,8",,,PCS,,False,False
IMER-12010006 p48 L5,21,48,PART,MAIN,36,36,6662003701,SPACER,,,PCS,,False,False
IMER-12010006 p50 L1,22,50,PART,MAIN,1,1,6660000910,"NUT M155x2,00",,,PCS,,False,False
IMER-12010006 p50 L2,22,50,PART,MAIN,2,2,6654001310,FLANGE,,,PCS,,False,False
IMER-12010006 p50 L3,22,50,PART,MAIN,3,3,715303308,"O-RING 430,66x3,53 41700",,,PCS,,False,False
IMER-12010006 p50 L4,22,50,PART,MAIN,4,4,712758019A,BEARING 320320X,,,PCS,,False,False
IMER-12010006 p50 L5,22,50,PART,MAIN,5,5,6632581180,HUB,,,PCS,,False,False
IMER-12010006 p50 L6,22,50,PART,MAIN,6,6,712758139A,BEARING 33210,,,PCS,,False,False
IMER-12010006 p50 L7,22,50,PART,MAIN,7,7,711356017,"SCREW UNI 5739 M12x35-8,8",,,PCS,,False,False
IMER-12010006 p50 L8,22,50,PART,MAIN,8,8,6667505230,"BEVEL GEAR 1:4,066 DX",,,PCS,,False,False
IMER-12010006 p50 L9,22,50,PART,MAIN,9,9,6652000350,HOUSING,,,PCS,,False,False
IMER-12010006 p50 L10,22,50,PART,MAIN,10,10,720961001A,"SCREW UNI5931 M14x40-8,8",,,PCS,,False,False
IMER-12010006 p50 L11,22,50,PART,MAIN,11,11,712770184A,"SPACER 80,2x89,8x0,3",,,PCS,,False,False
IMER-12010006 p50 L12,22,50,PART,MAIN,12,12,712770185A,"SPACER 80,2x89,8x0,10",,,PCS,,False,False
IMER-12010006 p50 L13,22,50,PART,MAIN,13,13,715303242,"O-RING 2,62x82,22",,,PCS,,False,False
IMER-12010006 p50 L14,22,50,PART,MAIN,14,14,6656000050,CAP NUT,,,PCS,,False,False
IMER-12010006 p50 L15,22,50,PART,MAIN,15,15,711355005,"SCREW UNI 5739 M10x25-8,8",,,PCS,,False,False
IMER-12010006 p50 L16,22,50,PART,MAIN,16,16,6661500150,SPACER,,,PCS,,False,False
IMER-12010006 p50 L17,22,50,PART,MAIN,17,17,6661500160,SPACER,,,PCS,,False,False
IMER-12010006 p50 L18,22,50,PART,MAIN,18,18,712480077,KEY 16x10x50 B TS00019,,,PCS,,False,False
IMER-12010006 p50 L19,22,50,PART,MAIN,19,19,712758115,BEARING 70x150x54 32314B,,,PCS,,False,False
IMER-12010006 p50 L20,22,50,PART,MAIN,20,20,715303245A,"O-RING 145,72x2,62 3575",,,PCS,,False,False
IMER-12010006 p50 L21,22,50,PART,MAIN,21,21,6653002260,COVER,,,PCS,,False,False
IMER-12010006 p50 L22,22,50,PART,MAIN,22,22,720971001,"SCREW UNI 5931 M10x45-12,9",,,PCS,,False,False
IMER-12010006 p50 L23,22,50,PART,MAIN,23,23,712758108,"BEARING 60x130x48,5 32312",,,PCS,,False,False
IMER-12010006 p50 L24,22,50,PART,MAIN,24,24,715303244A,"O-RING 2,62x120,32",,,PCS,,False,False
IMER-12010006 p50 L25,22,50,PART,MAIN,25,25,710319006,"SEAL RING 85x110x14,5",,,PCS,,False,False
IMER-12010006 p50 L26,22,50,PART,MAIN,26,26,6657001800,COVER,,,PCS,,False,False
IMER-12010006 p50 L27,22,50,PART,MAIN,27,27,711353005,"SCREW UNI 5739 M6x14-8,8",,,PCS,,False,False
IMER-12010006 p50 L28,22,50,PART,MAIN,28,28,6672000450,CONNECTION FLANGE,,,PCS,,False,False
IMER-12010006 p50 L29,22,50,PART,MAIN,29,29,6661500660,SPACER,,,PCS,,False,False
IMER-12010006 p50 L30,22,50,PART,MAIN,30,30,6661500670,SPACER,,,PCS,,False,False
IMER-12010006 p50 L31,22,50,PART,MAIN,31,31,6656000700,CAP NUT,,,PCS,,False,False
IMER-12010006 p51 L1,22,51,PART,MAIN,32,32,720971107,"SCREW UNI 5931 M12x45-12,9",,,PCS,,False,False
IMER-12010006 p51 L2,22,51,PART,MAIN,33,33,712205054,RUBBER CAP d.80x10,,,PCS,,False,False
IMER-12010006 p51 L3,22,51,PART,MAIN,34,34,713006004A,NUT M12 6S UNI 5588,,,PCS,,False,False
IMER-12010006 p51 L4,22,51,PART,MAIN,35,35,721983015,"STUD SCREW UNI 5911 M12x30-8,8",,,PCS,,False,False
IMER-12010006 p51 L5,22,51,PART,MAIN,36,36,6662003701,SPACER,,,PCS,,False,False
IMER-12010006 p53 L1,23,53,PART,MAIN,1,1,67401950,GREASING UNIT TLS TP1,,,PCS,,False,False
IMER-12010006 p53 L2,23,53,PART,MAIN,1/1,1/1,TL101014010,DIRECTIONAL CONTROL VALVE,,,PCS,,False,False
IMER-12010006 p53 L3,23,53,PART,MAIN,1/6,1/6,TP1010010,ELECTRONIC TIMER 2-32 2-32,,,PCS,,False,False
IMER-12010006 p53 L4,23,53,PART,MAIN,1/5,1/5,TP1100002,PUMPING GROUP,,,PCS,,False,False
IMER-12010006 p53 L5,23,53,PART,MAIN,1/8,1/8,TP110000500,MANOMETER,,,PCS,,False,False
IMER-12010006 p53 L6,23,53,PART,MAIN,1/2,1/2,TP1100006,COVER,,,PCS,,False,False
IMER-12010006 p53 L7,23,53,PART,MAIN,1/3,1/3,TP1100009,TANK,,,PCS,,False,False
IMER-12010006 p53 L8,23,53,PART,MAIN,1/7,1/7,TP1100020,GREASE FILTER 150 microN,,,PCS,,False,False
IMER-12010006 p53 L9,23,53,PART,MAIN,1/4,1/4,TP1100024,TIE-ROD,,,PCS,,False,False
IMER-12010006 p53 L10,23,53,PART,MAIN,2,2,45600805,"MOTOR 2,2KW 230/400v",,,PCS,,False,False
IMER-12010006 p53 L11,23,53,PART,MAIN,3,3,09601044,OIL GEARCASE 2 UT. 24VCC,,,PCS,,False,False
IMER-12010006 p53 L12,23,53,PART,MAIN,3/1,3/1,09601254,MOTOR FLANGE GR90,,,PCS,,False,False
IMER-12010006 p53 L13,23,53,PART,MAIN,3/4,3/4,09601255,K OIL GEARCASE MANIFOLD W/VAL. HY 10 K3P0-01 1/4 BB-H2,,,PCS,,False,False
IMER-12010006 p53 L14,23,53,PART,MAIN,3/8,3/8,09601258,HAND PUMP HY15,,,PCS,,False,False
IMER-12010006 p53 L15,23,53,PART,MAIN,3/5,3/5,09601259,PUMP FOR OIL GEARCASE,,,PCS,,False,False
IMER-12010006 p53 L16,23,53,PART,MAIN,3/6,3/6,09601260,TANK FOR K OIL GEARCASE 5 LITRI,,,PCS,,False,False
IMER-12010006 p53 L17,23,53,PART,MAIN,3/2,3/2,09601277,MOTOR JOINT,,,PCS,,False,False
IMER-12010006 p53 L18,23,53,PART,MAIN,3/3,3/3,09601278,PUMP JOINT,,,PCS,,False,False
IMER-12010006 p53 L19,23,53,PART,MAIN,3/9,3/9,43500590,"MANOMETER MGR 63G10/160-1/4"" GAS",,,PCS,,False,False
IMER-12010006 p53 L20,23,53,PART,MAIN,3/7,3/7,F8980520,SOLENOID VALVE DHI 0711/P-WP 24VCC,,,PCS,,False,True
IMER-12010006 p53 L21,23,53,PART,MAIN,4,4,K1029177,CYLINDER 50X25X320,,,PCS,,False,True
IMER-12010006 p53 L22,23,53,PART,MAIN,5,5,37800600,"LUBRICATOR A 1/8""",,,PCS,,False,False
IMER-12010006 p53 L23,23,53,PART,MAIN,6,6,64101020,EXTENSION MF CONICA,,,PCS,,False,False
IMER-12010006 p53 L24,23,53,PART,MAIN,7,7,64101021,"FITTING RECUP. 5/32""D.6 DIRITTO 1/8""",,,PCS,,False,False
IMER-12010006 p53 L25,23,53,PART,MAIN,8,8,64101023,"FITTING DIRITTO D.6-1/8""G",,,PCS,,False,False
IMER-12010006 p53 L26,23,53,PART,MAIN,9,9,64101022,"FITTING GIREVOLE A 90° D.6-1/8""G""",,,PCS,,False,False
IMER-12010006 p53 L27,23,53,PART,MAIN,10,10,87000300,"FLEXIBLE HOSE S-30 5/32"" 200BAR",,,PCS,,False,False
IMER-12010006 p55 L1,24,55,PART,MAIN,1,1,X3950053,LEVEL GAUGE ILP3,,,PCS,,False,False
IMER-12010006 p55 L2,24,55,PART,MAIN,2,2,K1029553,ANTI-WEAR PLATE,,,PCS,,False,False
IMER-12010006 p55 L3,24,55,PART,MAIN,3,3,K1028680,HYDRAULIC CYLINDER 50X300X25,,,PCS,,False,True
IMER-12010006 p55 L4,24,55,PART,MAIN,4,4,F6479105,VIBRATOR GROUP WEIGHING HOPPERGRUPO MVSI 3/100,,,PCS,,False,False
IMER-12010006 p55 L5,24,55,PART,MAIN,5,5,K1029552,GATE,,,PCS,,False,False
IMER-12010006 p55 L6,24,55,PART,MAIN,6,6,K1018277,DOOR,,,PCS,,False,False
IMER-12010006 p55 L7,24,55,PART,MAIN,7,7,K1029557,MOBILE COVER C/SPORTELLINO,,,PCS,,False,False
IMER-12010006 p55 L8,24,55,PART,MAIN,8,8,10900515,COVERING LOCK,,,PCS,,False,False
IMER-12010006 p55 L9,24,55,PART,MAIN,9,9,10900505,REGLABLE ENCLOSURE TIPO 02.152 OSCAR,,,PCS,,False,False
IMER-12010006 p55 L10,24,55,PART,MAIN,10,10,K1029558,MOBILE COVER,,,PCS,,False,False
IMER-12010006 p55 L11,24,55,PART,MAIN,11,11,43301010,HANDLE ELESA M 643/140 B-M8,,,PCS,,False,False
IMER-12010006 p55 L12,24,55,PART,MAIN,12,12,X9200670,LOCK CASTEL MAI E4,,,PCS,,False,False
IMER-12010006 p55 L13,24,55,PART,MAIN,12/1,12/1,X9200636,SPRING COVER X SERRATURA MFT,,,PCS,,False,False
IMER-12010006 p55 L14,24,55,PART,MAIN,13,13,K1011653,CASTEL CLAMP CASTEL 1 KEY E4,,,PCS,,False,False
IMER-12010006 p55 L15,24,55,PART,MAIN,13/1,13/1,X9200642,KEY X SERRATURA MFT E4,,,PCS,,False,False
IMER-12010006 p55 L16,24,55,PART,MAIN,14,14,X7600182,PROXIMITY SWITCH 20MM,,,PCS,,False,True
IMER-12010006 p57 L1,25,57,PART,MAIN,1,1,X3950050,LEVEL GAUGE PFG-86 V24/48 -50/60HZ,,,PCS,,False,False
IMER-12010006 p57 L2,25,57,PART,MAIN,2,2,91502011,VALVE VCP,,,PCS,,False,False
IMER-12010006 p57 L3,25,57,PART,MAIN,3,3,20002120,CEMENT FILTER FC3V,,,PCS,,False,False
IMER-12010006 p59 L1,26,59,PART,MAIN,1,1,22500834,PUMPING GROUP,,,PCS,,False,False
IMER-12010006 p59 L2,26,59,PART,MAIN,1,1,22500831,GASKETS GROUP,,,PCS,,False,False
IMER-12010006 p59 L3,26,59,PART,MAIN,1,1,22500836,PLATE VALVE GROUP,,,PCS,,False,False
IMER-12010006 p59 L4,26,59,PART,MAIN,2,2,22500832,FLYWHEEL D=430,,,PCS,,False,False
IMER-12010006 p59 L5,26,59,PART,MAIN,3,3,22511167,COMPLETE AIR FILTER CM/030 MORANDI,,,PCS,,False,False
IMER-12010006 p59 L6,26,59,PART,MAIN,4,4,22511168,FILTER CARTRIDGE CM/030 MORANDI,,,PCS,,False,False
IMER-12010006 p59 L7,26,59,PART,MAIN,5,5,22510321,"NON RETURN VALVE 3/4"" M X 1/2"" M",,,PCS,,False,False
IMER-12010006 p59 L8,26,59,PART,MAIN,6,6,22500837,"MOTOR 5,5 KW 2P V2/3 TRIF.50 HZ",,,PCS,,False,False
IMER-12010006 p59 L9,26,59,PART,MAIN,7,7,22500838,GUARD,,,PCS,,False,False
IMER-12010006 p59 L10,26,59,PART,MAIN,8,8,22510291,PRESSURE SWITCH,,,PCS,,False,False
IMER-12010006 p59 L11,26,59,PART,MAIN,9,9,22510295,PRESSURE GAUGE,,,PCS,,False,False
IMER-12010006 p59 L12,26,59,PART,MAIN,10,10,22500603,SAFETY VALVE,,,PCS,,False,False
IMER-12010006 p59 L13,26,59,PART,MAIN,11,11,22500833,V-BELT A72,,,PCS,,False,False
