source_ref,sheet,row,table,machine,group,group_code,group_inferred,caption_cell,code,code_raw,part_name,name_raw,pieces_raw,spare_raw,pieces_qty,pieces_unit,pieces_issue,spare_qty,spare_unit,spare_issue,code_has_whitespace,fill,pieces_font_color
MIXER!A7,MIXER,7,0,TWINSHAFT MIXER,MIXER TOP COVER GROUP,,False,A5,E11088,E11088,MAINTENANCE COVER,MAINTENANCE COVER,2 PCS,,2,PCS,,,,,False,,FFFF0000
MIXER!A8,MIXER,8,0,TWINSHAFT MIXER,MIXER TOP COVER GROUP,,False,A5,E55551,E55551,MAINTENANCE COVER,MAINTENANCE COVER,2 PCS,,2,PCS,,,,,False,,FFFF0000
MIXER!A9,MIXER,9,0,TWINSHAFT MIXER,MIXER TOP COVER GROUP,,False,A5,E18289,E18289,DAMPER,DAMPER,4 PCS,2 PCS,4,PCS,,2,PCS,,False,,FFFF0000
MIXER!A10,MIXER,10,0,TWINSHAFT MIXER,MIXER TOP COVER GROUP,,False,A5,E1002654,E1002654,PROXIMITY SWITCH,PROXIMITY SWITCH,2 PCS,4 PCS,2,PCS,,4,PCS,,False,,FFFF0000
MIXER!A11,MIXER,11,0,TWINSHAFT MIXER,MIXER TOP COVER GROUP,,False,A5,E1000328,E1000328,RUBBER,RUBBER,--,,,,dash_placeholder,,,,False,,FFFF0000
MIXER!A12,MIXER,12,0,TWINSHAFT MIXER,MIXER TOP COVER GROUP,,False,A5,E48349,E48349,HANDLE,HANDLE,4 PCS,,4,PCS,,,,,False,,FFFF0000
MIXER!A13,MIXER,13,0,TWINSHAFT MIXER,MIXER TOP COVER GROUP,,False,A5,E20217,E20217,HANDLE,HANDLE,4 PCS,,4,PCS,,,,,False,,FFFF0000
MIXER!A25,MIXER,25,1,TWINSHAFT MIXER,MIXER LINING GROUP (E22667),E22667,False,A17,E270,E270,MIXER BODY UPPER LINING,MIXER BODY UPPER LINING,6 PCS,ALL,6,PCS,,6,PCS,all_installed,False,theme:0,FFFF0000
MIXER!A26,MIXER,26,1,TWINSHAFT MIXER,MIXER LINING GROUP (E22667),E22667,False,A17,E11256,E11256,MIXER CAST WEAR LINING,MIXER CAST WEAR LINING,112 PCS,ALL,112,PCS,,112,PCS,all_installed,False,theme:0,FFFF0000
MIXER!A27,MIXER,27,1,TWINSHAFT MIXER,MIXER LINING GROUP (E22667),E22667,False,A17,E25337,E25337,SIDE WALL LINING,SIDE WALL LINING,2 SET,ALL,2,SET,,2,SET,all_installed,False,theme:0,FFFF0000
MIXER!A28,MIXER,28,1,TWINSHAFT MIXER,MIXER LINING GROUP (E22667),E22667,False,A17,E22668,E22668,MIXER COVER SIDE WEARLINING,MIXER COVER SIDE WEARLINING,2 PCS,ALL,2,PCS,,2,PCS,all_installed,False,theme:0,FFFF0000
MIXER!A40,MIXER,40,2,TWINSHAFT MIXER,DRIVING GROUP,,False,A33,E16352,E16352,GUARD,GUARD,1 PCS,,1,PCS,,,,,False,,FFFF0000
MIXER!A41,MIXER,41,2,TWINSHAFT MIXER,DRIVING GROUP,,False,A33,E18252,E18252,BEARING (IDLE SIDE) GROUP,BEARING (IDLE SIDE) GROUP,2 PCS,,2,PCS,,,,,False,,FFFF0000
MIXER!A42,MIXER,42,2,TWINSHAFT MIXER,DRIVING GROUP,,False,A33,E18242,E18242,BEARING (DRIVING SIDE) GROUP,BEARING (DRIVING SIDE) GROUP,2 PCS,,2,PCS,,,,,False,,FFFF0000
MIXER!A43,MIXER,43,2,TWINSHAFT MIXER,DRIVING GROUP,,False,A33,E25012,E25012,HOUSING,HOUSING,2 PCS,,2,PCS,,,,,False,theme:0,FFFF0000
MIXER!A44,MIXER,44,2,TWINSHAFT MIXER,DRIVING GROUP,,False,A33,E22110,E22110,SHAFT,SHAFT,1 PCS,2,1,PCS,,2,PCS,number_without_unit,False,theme:0,FFFF0000
MIXER!A45,MIXER,45,2,TWINSHAFT MIXER,DRIVING GROUP,,False,A33,E1001286,E1001286,V BELT,V BELT,12 PCS,,12,PCS,,,,,False,,FFFF0000
MIXER!A46,MIXER,46,2,TWINSHAFT MIXER,DRIVING GROUP,,False,A33,E19749,E19749,PULLEY,PULLEY,2 PCS,,2,PCS,,,,,False,,FFFF0000
MIXER!A47,MIXER,47,2,TWINSHAFT MIXER,DRIVING GROUP,,False,A33,E1001264,E1001264,PULLEY,PULLEY,2 PCS,,2,PCS,,,,,False,,FFFF0000
MIXER!A48,MIXER,48,2,TWINSHAFT MIXER,DRIVING GROUP,,False,A33,E1002431,E1002431,MOTOR,MOTOR,2 PCS,,2,PCS,,,,,False,,FFFF0000
MIXER!A49,MIXER,49,2,TWINSHAFT MIXER,DRIVING GROUP,,False,A33,E44792,E44792,GEARBOX GROUP,GEARBOX GROUP,1 PCS,,1,PCS,,,,,False,,FFFF0000
MIXER!A50,MIXER,50,2,TWINSHAFT MIXER,DRIVING GROUP,,False,A33,E22060,E22060,COUPLING,COUPLING,2 PCS,,2,PCS,,,,,False,,FFFF0000
MIXER!A51,MIXER,51,2,TWINSHAFT MIXER,DRIVING GROUP,,False,A33,E28285,E28285,GEARWHEEL,GEARWHEEL,2 PCS,,2,PCS,,,,,False,,FFFF0000
MIXER!A52,MIXER,52,2,TWINSHAFT MIXER,DRIVING GROUP,,False,A33,E19590,E19590,CLAMPING SLEEVE,CLAMPING SLEEVE,2 PCS,,2,PCS,,,,,False,,FFFF0000
MIXER!A59,MIXER,59,3,TWINSHAFT MIXER,BEARING(IDLE SIDE)GROUP (E18252),E18252,False,A57,E18244,E18244,FRONT FLANGE,FRONT FLANGE,1 PCS,2,1,PCS,,2,PCS,number_without_unit,False,theme:0,FFFF0000
MIXER!A60,MIXER,60,3,TWINSHAFT MIXER,BEARING(IDLE SIDE)GROUP (E18252),E18252,False,A57,E1007058,E1007058,SEAL,SEAL,1 PCS,2,1,PCS,,2,PCS,number_without_unit,False,theme:0,FFFF0000
MIXER!A61,MIXER,61,3,TWINSHAFT MIXER,BEARING(IDLE SIDE)GROUP (E18252),E18252,False,A57,E1007991,E1007991,BEARING BODY,BEARING BODY,1 PCS,2,1,PCS,,2,PCS,number_without_unit,False,theme:0,FFFF0000
MIXER!A62,MIXER,62,3,TWINSHAFT MIXER,BEARING(IDLE SIDE)GROUP (E18252),E18252,False,A57,E18246,E18246,SEAL,SEAL,1 PCS,2,1,PCS,,2,PCS,number_without_unit,False,theme:0,FFFF0000
MIXER!A63,MIXER,63,3,TWINSHAFT MIXER,BEARING(IDLE SIDE)GROUP (E18252),E18252,False,A57,E18247,E18247,O RING,O RING,1 PCS,2,1,PCS,,2,PCS,number_without_unit,False,theme:0,FFFF0000
MIXER!A64,MIXER,64,3,TWINSHAFT MIXER,BEARING(IDLE SIDE)GROUP (E18252),E18252,False,A57,E1007057,E1007057,LEAKPROOFING PART,LEAKPROOFING PART,1 PCS,2,1,PCS,,2,PCS,number_without_unit,False,theme:0,FFFF0000
MIXER!A65,MIXER,65,3,TWINSHAFT MIXER,BEARING(IDLE SIDE)GROUP (E18252),E18252,False,A57,E18245,E18245,LEAKPROOFING PART,LEAKPROOFING PART,1 PCS,,1,PCS,,,,,False,theme:0,FFFF0000
MIXER!A66,MIXER,66,3,TWINSHAFT MIXER,BEARING(IDLE SIDE)GROUP (E18252),E18252,False,A57,E1007059,E1007059,BEARING COVER,BEARING COVER,1 PCS,2,1,PCS,,2,PCS,number_without_unit,False,theme:0,FFFF0000
MIXER!A67,MIXER,67,3,TWINSHAFT MIXER,BEARING(IDLE SIDE)GROUP (E18252),E18252,False,A57,E18249,E18249,ORING,ORING,1 PCS,2,1,PCS,,2,PCS,number_without_unit,False,theme:0,FFFF0000
MIXER!A68,MIXER,68,3,TWINSHAFT MIXER,BEARING(IDLE SIDE)GROUP (E18252),E18252,False,A57,E18248,E18248,SPACER,SPACER,1 PCS,2,1,PCS,,2,PCS,number_without_unit,False,theme:0,FFFF0000
MIXER!A69,MIXER,69,3,TWINSHAFT MIXER,BEARING(IDLE SIDE)GROUP (E18252),E18252,False,A57,E18250,E18250,BEARING BODY,BEARING BODY,1 PCS,,1,PCS,,,,,False,theme:0,FFFF0000
MIXER!A70,MIXER,70,3,TWINSHAFT MIXER,BEARING(IDLE SIDE)GROUP (E18252),E18252,False,A57,E1007056,E1007056,SEAL,SEAL,1 PCS,2,1,PCS,,2,PCS,number_without_unit,False,theme:0,FFFF0000
MIXER!A71,MIXER,71,3,TWINSHAFT MIXER,BEARING(IDLE SIDE)GROUP (E18252),E18252,False,A57,E1003141,E1003141,BALL BEARING,BALL BEARING,1 PCS,2,1,PCS,,2,PCS,number_without_unit,False,theme:0,FFFF0000
MIXER!A72,MIXER,72,3,TWINSHAFT MIXER,BEARING(IDLE SIDE)GROUP (E18252),E18252,False,A57,E1008703,E1008703,WASHER,WASHER,1 PCS,2,1,PCS,,2,PCS,number_without_unit,False,theme:0,FFFF0000
MIXER!A73,MIXER,73,3,TWINSHAFT MIXER,BEARING(IDLE SIDE)GROUP (E18252),E18252,False,A57,E1000541,E1000541,NUT,NUT,1 PCS,2,1,PCS,,2,PCS,number_without_unit,False,theme:0,FFFF0000
MIXER!A74,MIXER,74,3,TWINSHAFT MIXER,BEARING(IDLE SIDE)GROUP (E18252),E18252,False,A57,E19215,E19215,COVER,COVER,1 PCS,,1,PCS,,,,,False,theme:0,FFFF0000
MIXER!A94,MIXER,94,4,TWINSHAFT MIXER,BEARING (DRIVING SIDE )GROUP (E18242),E18242,False,A91,E18244,E18244,FRONT FLANGE,FRONT FLANGE,1 PCS,2,1,PCS,,2,PCS,number_without_unit,False,theme:0,FFFF0000
MIXER!A95,MIXER,95,4,TWINSHAFT MIXER,BEARING (DRIVING SIDE )GROUP (E18242),E18242,False,A91,E1007058,E1007058,SEAL,SEAL,1 PCS,2,1,PCS,,2,PCS,number_without_unit,False,theme:0,FFFF0000
MIXER!A96,MIXER,96,4,TWINSHAFT MIXER,BEARING (DRIVING SIDE )GROUP (E18242),E18242,False,A91,E1007991,E1007991,BEARING BODY,BEARING BODY,1 PCS,2,1,PCS,,2,PCS,number_without_unit,False,theme:0,FFFF0000
MIXER!A97,MIXER,97,4,TWINSHAFT MIXER,BEARING (DRIVING SIDE )GROUP (E18242),E18242,False,A91,E18246,E18246,SEAL,SEAL,1 PCS,2,1,PCS,,2,PCS,number_without_unit,False,theme:0,FFFF0000
MIXER!A98,MIXER,98,4,TWINSHAFT MIXER,BEARING (DRIVING SIDE )GROUP (E18242),E18242,False,A91,E18247,E18247,O RING,O RING,1 PCS,2,1,PCS,,2,PCS,number_without_unit,False,theme:0,FFFF0000
MIXER!A99,MIXER,99,4,TWINSHAFT MIXER,BEARING (DRIVING SIDE )GROUP (E18242),E18242,False,A91,E1007057,E1007057,LEAKPROOFING PART,LEAKPROOFING PART,1 PCS,2,1,PCS,,2,PCS,number_without_unit,False,theme:0,FFFF0000
MIXER!A100,MIXER,100,4,TWINSHAFT MIXER,BEARING (DRIVING SIDE )GROUP (E18242),E18242,False,A91,E18245,E18245,LEAKPROOFING PART,LEAKPROOFING PART,1 PCS,,1,PCS,,,,,False,theme:0,FFFF0000
MIXER!A101,MIXER,101,4,TWINSHAFT MIXER,BEARING (DRIVING SIDE )GROUP (E18242),E18242,False,A91,E1007059,E1007059,BEARING COVER,BEARING COVER,1 PCS,2,1,PCS,,2,PCS,number_without_unit,False,theme:0,FFFF0000
MIXER!A102,MIXER,102,4,TWINSHAFT MIXER,BEARING (DRIVING SIDE )GROUP (E18242),E18242,False,A91,E18249,E18249,ORING,ORING,1 PCS,2,1,PCS,,2,PCS,number_without_unit,False,theme:0,FFFF0000
MIXER!A103,MIXER,103,4,TWINSHAFT MIXER,BEARING (DRIVING SIDE )GROUP (E18242),E18242,False,A91,E18248,E18248,SPACER,SPACER,1 PCS,2,1,PCS,,2,PCS,number_without_unit,False,theme:0,FFFF0000
MIXER!A104,MIXER,104,4,TWINSHAFT MIXER,BEARING (DRIVING SIDE )GROUP (E18242),E18242,False,A91,E18250,E18250,BEARING BODY,BEARING BODY,1 PCS,,1,PCS,,,,,False,theme:0,FFFF0000
MIXER!A105,MIXER,105,4,TWINSHAFT MIXER,BEARING (DRIVING SIDE )GROUP (E18242),E18242,False,A91,E1007056,E1007056,SEAL,SEAL,1 PCS,2,1,PCS,,2,PCS,number_without_unit,False,theme:0,FFFF0000
MIXER!A106,MIXER,106,4,TWINSHAFT MIXER,BEARING (DRIVING SIDE )GROUP (E18242),E18242,False,A91,E1003141,E1003141,BALL BEARING,BALL BEARING,1 PCS,2,1,PCS,,2,PCS,number_without_unit,False,theme:0,FFFF0000
MIXER!A107,MIXER,107,4,TWINSHAFT MIXER,BEARING (DRIVING SIDE )GROUP (E18242),E18242,False,A91,E18251,E18251,COVER,COVER,1 PCS,2,1,PCS,,2,PCS,number_without_unit,False,theme:0,FFFF0000
MIXER!A108,MIXER,108,4,TWINSHAFT MIXER,BEARING (DRIVING SIDE )GROUP (E18242),E18242,False,A91,E1008693,E1008693,SEAL,SEAL,1 PCS,2,1,PCS,,2,PCS,number_without_unit,False,theme:0,FFFF0000
MIXER!A109,MIXER,109,4,TWINSHAFT MIXER,BEARING (DRIVING SIDE )GROUP (E18242),E18242,False,A91,E18253,E18253,SPACER,SPACER,1 PCS,2,1,PCS,,2,PCS,number_without_unit,False,theme:0,FFFF0000
MIXER!A122,MIXER,122,5,TWINSHAFT MIXER,MIXING ARMS AND SCRAPER ARMS GROUP,,False,A119,E22019,E22019,TWINSHAFT MIXER MIXING SHAFT,TWINSHAFT MIXER MIXING SHAFT,2 PCS,,2,PCS,,,,,False,,FFFF0000
MIXER!A123,MIXER,123,5,TWINSHAFT MIXER,MIXING ARMS AND SCRAPER ARMS GROUP,,False,A119,E17683,E17683,EXTENSIVE SPACER,EXTENSIVE SPACER,20 PCS,,20,PCS,,,,,False,,FFFF0000
MIXER!A124,MIXER,124,5,TWINSHAFT MIXER,MIXING ARMS AND SCRAPER ARMS GROUP,,False,A119,E17684,E17684,RESTRAINED SPACER,RESTRAINED SPACER,8 PCS,,8,PCS,,,,,False,,FFFF0000
MIXER!A149,MIXER,149,6,TWINSHAFT MIXER,"MIXING ARMS, SCRAPER ARMS AND DISCHARGE GATE",,True,,E1008692,E1008692,FIXING PLATE,FIXING PLATE,20 PCS,,20,PCS,,,,,False,,FFFF0000
MIXER!A150,MIXER,150,6,TWINSHAFT MIXER,"MIXING ARMS, SCRAPER ARMS AND DISCHARGE GATE",,True,,E24819,E24819,FIXING PLATE,FIXING PLATE,4 PCS,,4,PCS,,,,,False,,FFFF0000
MIXER!A151,MIXER,151,6,TWINSHAFT MIXER,"MIXING ARMS, SCRAPER ARMS AND DISCHARGE GATE",,True,,E24818,E24818,FIXING PLATE,FIXING PLATE,4 PCS,,4,PCS,,,,,False,,FFFF0000
MIXER!A152,MIXER,152,6,TWINSHAFT MIXER,"MIXING ARMS, SCRAPER ARMS AND DISCHARGE GATE",,True,,E21050,E21050,SCRAPER PADDLE,SCRAPER PADDLE,2 PCS,,2,PCS,,,,,False,,FFFF0000
MIXER!A153,MIXER,153,6,TWINSHAFT MIXER,"MIXING ARMS, SCRAPER ARMS AND DISCHARGE GATE",,True,,E20219,E20219,SCRAPER PADDLE,SCRAPER PADDLE,4 PCS,,4,PCS,,,,,False,,FFFF0000
MIXER!A154,MIXER,154,6,TWINSHAFT MIXER,"MIXING ARMS, SCRAPER ARMS AND DISCHARGE GATE",,True,,E1007060,E1007060,SCRAPER ARM,SCRAPER ARM,2 PCS,,2,PCS,,,,,False,,FFFF0000
MIXER!A155,MIXER,155,6,TWINSHAFT MIXER,"MIXING ARMS, SCRAPER ARMS AND DISCHARGE GATE",,True,,E21015,E21015,LITTLE SCRAPER,LITTLE SCRAPER,2 PCS,,2,PCS,,,,,False,,FFFF0000
MIXER!A156,MIXER,156,6,TWINSHAFT MIXER,"MIXING ARMS, SCRAPER ARMS AND DISCHARGE GATE",,True,,E21112,E21112,MIXING ARM FIXER,MIXING ARM FIXER,16 PCS,,16,PCS,,,,,False,,FFFF0000
MIXER!A157,MIXER,157,6,TWINSHAFT MIXER,"MIXING ARMS, SCRAPER ARMS AND DISCHARGE GATE",,True,,E20218,E20218,MIXING PADDLE,MIXING PADDLE,12 PCS,,12,PCS,,,,,False,,FFFF0000
MIXER!A158,MIXER,158,6,TWINSHAFT MIXER,"MIXING ARMS, SCRAPER ARMS AND DISCHARGE GATE",,True,,E1008691,E1008691,FIXING PLATE,FIXING PLATE,12 PCS,,12,PCS,,,,,False,,FFFF0000
MIXER!A159,MIXER,159,6,TWINSHAFT MIXER,"MIXING ARMS, SCRAPER ARMS AND DISCHARGE GATE",,True,,E1007061,E1007061,MIXING ARM,MIXING ARM ,12 PCS,,12,PCS,,,,,False,,FFFF0000
MIXER!A160,MIXER,160,6,TWINSHAFT MIXER,"MIXING ARMS, SCRAPER ARMS AND DISCHARGE GATE",,True,,E20259,E20259,SCRAPER PADDLE,SCRAPER PADDLE,2 PCS,,2,PCS,,,,,False,,FFFF0000
MIXER!A161,MIXER,161,6,TWINSHAFT MIXER,"MIXING ARMS, SCRAPER ARMS AND DISCHARGE GATE",,True,,E1007062,E1007062,SCRAPER ARM,SCRAPER ARM,2 PCS,,2,PCS,,,,,False,,FFFF0000
MIXER!A162,MIXER,162,6,TWINSHAFT MIXER,"MIXING ARMS, SCRAPER ARMS AND DISCHARGE GATE",,True,,E21016,E21016,LITTLE SCRAPER,LITTLE SCRAPER,2 PCS,,2,PCS,,,,,False,,FFFF0000
MIXER!A163,MIXER,163,6,TWINSHAFT MIXER,"MIXING ARMS, SCRAPER ARMS AND DISCHARGE GATE",,True,,E57618,E57618,MIXER DISCHARGING GATE,MIXER DISCHARGING GATE,1 PCS,,1,PCS,,,,,False,,FFFF0000
MIXER!A164,MIXER,164,6,TWINSHAFT MIXER,"MIXING ARMS, SCRAPER ARMS AND DISCHARGE GATE",,True,,E17447,E17447,PIN,PIN,1 PCS,,1,PCS,,,,,False,,FFFF0000
MIXER!A165,MIXER,165,6,TWINSHAFT MIXER,"MIXING ARMS, SCRAPER ARMS AND DISCHARGE GATE",,True,,E57840,E57840,PISTON CONNECTION PART,PISTON CONNECTION PART,2 PCS,,2,PCS,,,,,False,,FFFF0000
MIXER!A166,MIXER,166,6,TWINSHAFT MIXER,"MIXING ARMS, SCRAPER ARMS AND DISCHARGE GATE",,True,,E363,E363,SWITCH CONNECTION PART,SWITCH CONNECTION PART,1 PCS,,1,PCS,,,,,False,,FFFF0000
MIXER!A167,MIXER,167,6,TWINSHAFT MIXER,"MIXING ARMS, SCRAPER ARMS AND DISCHARGE GATE",,True,,E1002653,E1002653,PROXIMITY SWITCH,PROXIMITY SWITCH,2 PCS,,2,PCS,,,,,False,,FFFF0000
MIXER!A168,MIXER,168,6,TWINSHAFT MIXER,"MIXING ARMS, SCRAPER ARMS AND DISCHARGE GATE",,True,,E384,E384,ECCENTRIC,ECCENTRIC,2 PCS,,2,PCS,,,,,False,,FFFF0000
MIXER!A169,MIXER,169,6,TWINSHAFT MIXER,"MIXING ARMS, SCRAPER ARMS AND DISCHARGE GATE",,True,,E1006377,E1006377,BEARING,BEARING,3 PCS,,3,PCS,,,,,False,,FFFF0000
MIXER!A170,MIXER,170,6,TWINSHAFT MIXER,"MIXING ARMS, SCRAPER ARMS AND DISCHARGE GATE",,True,,E1007261,E1007261,HYDRAULIC PISTON,HYDRAULIC PISTON,1 PCS,,1,PCS,,,,,False,,FFFF0000
MIXER!A171,MIXER,171,6,TWINSHAFT MIXER,"MIXING ARMS, SCRAPER ARMS AND DISCHARGE GATE",,True,,E19846,E19846,PN,PN,1 PCS,,1,PCS,,,,,False,,FFFF0000
MIXER!A176,MIXER,176,7,TWINSHAFT MIXER,LUBRICATION GROUP,,True,,E1002548,E1002548,AUTOMATIC LUBRICATION,AUTOMATIC LUBRICATION,1 PCS,1,1,PCS,,1,PCS,number_without_unit,False,,FFFF0000
MIXER!A177,MIXER,177,7,TWINSHAFT MIXER,LUBRICATION GROUP,,True,,E1007902,E1007902,GREASE DISTRUBITOR,GREASE DISTRUBITOR,1 PCS,,1,PCS,,,,,False,,FFFF0000
MIXER!A178,MIXER,178,7,TWINSHAFT MIXER,LUBRICATION GROUP,,True,,E53623,E53623,HYDRAULIC UNIT,HYDRAULIC UNIT,1 PCS,1,1,PCS,,1,PCS,number_without_unit,False,,FFFF0000
MIXER!A179,MIXER,179,7,TWINSHAFT MIXER,LUBRICATION GROUP,,True,,E51129,E51129,OIL CAP,OIL CAP,1 PCS,,1,PCS,,,,,False,,FFFF0000
MIXER!A180,MIXER,180,7,TWINSHAFT MIXER,LUBRICATION GROUP,,True,,E1006343,E1006343,LUBRICATION SENSOR,LUBRICATION SENSOR,2 PCS,2,2,PCS,,2,PCS,number_without_unit,False,,FFFF0000
MIXER!A181,MIXER,181,7,TWINSHAFT MIXER,LUBRICATION GROUP,,True,,E1005791,E1005791,GREASE RESERVOIR,GREASE RESERVOIR,1 PCS,,1,PCS,,,,,False,,FFFF0000
MIXER!A182,MIXER,182,7,TWINSHAFT MIXER,LUBRICATION GROUP,,True,,E1002546,E1002546,AUTOMATIC OIL PUMP,AUTOMATIC OIL PUMP,1 PCS,,1,PCS,,,,,False,,FFFF0000
MIXER!A195,MIXER,195,8,TWINSHAFT MIXER,MIXER DISCHARGE AND GREASE PUMP,,True,,E1000873,E1000873,RUBBER,RUBBER,1 PCS,,1,PCS,,,,,False,,
MIXER!A196,MIXER,196,8,TWINSHAFT MIXER,MIXER DISCHARGE AND GREASE PUMP,,True,,E1007849,E1007849,CLAMP,CLAMP,1 PCS,,1,PCS,,,,,False,,
MIXER!A197,MIXER,197,8,TWINSHAFT MIXER,MIXER DISCHARGE AND GREASE PUMP,,True,,E40258,E40258,GREASE HAND PUMP,GREASE HAND PUMP,1 PCS,,1,PCS,,,,,False,,
MIXER!A198,MIXER,198,8,TWINSHAFT MIXER,MIXER DISCHARGE AND GREASE PUMP,,True,,E380,E380,DISCHARGING CHUTE,DISCHARGING CHUTE,1 PCS,,1,PCS,,,,,False,,
MIXER!A202,MIXER,202,9,TWINSHAFT MIXER,HYDRAULIC UNIT (E53623),E53623,True,,E25955,E25955,COIL,COIL,1 PCS,2 PCS,1,PCS,,2,PCS,,False,,FFFF0000
MIXER!A203,MIXER,203,9,TWINSHAFT MIXER,HYDRAULIC UNIT (E53623),E53623,True,,E20321,E20321,VALVE,VALVE,1 PCS,2 PCS,1,PCS,,2,PCS,,False,,FFFF0000
MIXER!A204,MIXER,204,9,TWINSHAFT MIXER,HYDRAULIC UNIT (E53623),E53623,True,,E53625,E53625,MOTOR,MOTOR,1 PCS,,1,PCS,,,,,False,,FFFF0000
CEMENT!A13,CEMENT,13,0,CEMENT WEIGHING BATCHER,CEMENT WEIGHING BATCHER,,True,A2,E37680,E37680,CEMENT WEIGHING BATCHER,CEMENT WEIGHING BATCHER,1 PCS,,1,PCS,,,,,False,,FFFF0000
CEMENT!A14,CEMENT,14,0,CEMENT WEIGHING BATCHER,CEMENT WEIGHING BATCHER,,True,A2,E1005641,E1005641,CLAMP,CLAMP,,,,,empty,,,,False,,FFFF0000
CEMENT!A15,CEMENT,15,0,CEMENT WEIGHING BATCHER,CEMENT WEIGHING BATCHER,,True,A2,E1005642,E1005642,CLAMP LOCK,CLAMP LOCK,,,,,empty,,,,False,,FFFF0000
CEMENT!A16,CEMENT,16,0,CEMENT WEIGHING BATCHER,CEMENT WEIGHING BATCHER,,True,A2,E1000962,E1000962,VENTING HOSE,VENTING HOSE,1 PCS,1 PCS,1,PCS,,1,PCS,,False,,FFFF0000
CEMENT!A17,CEMENT,17,0,CEMENT WEIGHING BATCHER,CEMENT WEIGHING BATCHER,,True,A2,E1005844,E1005844,VIBERATOR,VIBERATOR,1 PCS,1 PCS,1,PCS,,1,PCS,,False,,FFFF0000
CEMENT!A18,CEMENT,18,0,CEMENT WEIGHING BATCHER,CEMENT WEIGHING BATCHER,,True,A2,E44924,E44924,MAINTENANCE COVER,MAINTENANCE COVER,1 PCS,,1,PCS,,,,,False,,FFFF0000
CEMENT!A38,CEMENT,38,1,CEMENT WEIGHING BATCHER,LOAD CELLS AND DISCHARGE VALVE,,True,,E1002203,E1002203,LOAD CELL,LOAD CELL,3 PCS,,3,PCS,,,,,False,,FFFF0000
CEMENT!A39,CEMENT,39,1,CEMENT WEIGHING BATCHER,LOAD CELLS AND DISCHARGE VALVE,,True,,E1007151,E1007151,THREADED STUD,THREADED STUD,3 PCS,,3,PCS,,,,,False,,FFFF0000
CEMENT!A40,CEMENT,40,1,CEMENT WEIGHING BATCHER,LOAD CELLS AND DISCHARGE VALVE,,True,,E1006715,E1006715,THREADED STUD,THREADED STUD,3 PCS,,3,PCS,,,,,False,,FFFF0000
CEMENT!A41,CEMENT,41,1,CEMENT WEIGHING BATCHER,LOAD CELLS AND DISCHARGE VALVE,,True,,E41210,E41210,EARTHING CABLE,EARTHING CABLE,3 PCS,,3,PCS,,,,,False,,FFFF0000
CEMENT!A42,CEMENT,42,1,CEMENT WEIGHING BATCHER,LOAD CELLS AND DISCHARGE VALVE,,True,,E1001498,E1001498,ROD END,ROD END,3 PCS,,3,PCS,,,,,False,,FFFF0000
CEMENT!A43,CEMENT,43,1,CEMENT WEIGHING BATCHER,LOAD CELLS AND DISCHARGE VALVE,,True,,E29302,E29302,CONNECTION PART,CONNECTION PART,3 PCS,,3,PCS,,,,,False,,FFFF0000
CEMENT!A44,CEMENT,44,1,CEMENT WEIGHING BATCHER,LOAD CELLS AND DISCHARGE VALVE,,True,,E44834,E44834,BUTTERFLY VALVE GROUP,BUTTERFLY VALVE GROUP,1 SET,1 SET,1,SET,,1,SET,,False,,FFFF0000
CEMENT!A45,CEMENT,45,1,CEMENT WEIGHING BATCHER,LOAD CELLS AND DISCHARGE VALVE,,True,,E44826,E44826,BUTTERFLY VALVE,BUTTERFLY VALVE ,1 PCS,,1,PCS,,,,,False,,FFFF0000
CEMENT!A46,CEMENT,46,1,CEMENT WEIGHING BATCHER,LOAD CELLS AND DISCHARGE VALVE,,True,,E1000052,E1000052,ACTUATOR,ACTUATOR,1 PCS,,1,PCS,,,,,False,,FFFF0000
CEMENT!A47,CEMENT,47,1,CEMENT WEIGHING BATCHER,LOAD CELLS AND DISCHARGE VALVE,,True,,E19778,E19778,PENEUMATIC VALVE,PENEUMATIC VALVE,1 PCS,,1,PCS,,,,,False,,FFFF0000
CEMENT!A48,CEMENT,48,1,CEMENT WEIGHING BATCHER,LOAD CELLS AND DISCHARGE VALVE,,True,,E1000201,E1000201,PENEUMATIC VALVE COIL,PENEUMATIC VALVE COIL,1 PCS,,1,PCS,,,,,False,,FFFF0000
CEMENT!A49,CEMENT,49,1,CEMENT WEIGHING BATCHER,LOAD CELLS AND DISCHARGE VALVE,,True,,E25849,E25849,BELLOW HOSE,BELLOW HOSE,1 PCS,,1,PCS,,,,,False,,FFFF0000
CEMENT!A50,CEMENT,50,1,CEMENT WEIGHING BATCHER,LOAD CELLS AND DISCHARGE VALVE,,True,,E41270,E41270,CLAMP,CLAMP,----,,,,dash_placeholder,,,,False,,FFFF0000
WATER!A65,WATER,65,0,WATER WEIGHING BATCHER,WATER WEIGHING BATCHER,,True,A1,E74430,E74430,WATER WEIGHING BATCHER,WATER WEIGHING BATCHER,1 PCS,,1,PCS,,,,,False,,FFFF0000
WATER!A66,WATER,66,0,WATER WEIGHING BATCHER,WATER WEIGHING BATCHER,,True,A1,E1000807,E1000807,EXPANSION TANK,EXPANSION TANK,1 PCS,,1,PCS,,,,,False,,FFFF0000
WATER!A67,WATER,67,0,WATER WEIGHING BATCHER,WATER WEIGHING BATCHER,,True,A1,E48252,E48252,PENUMATIC PISTON VALVE KIT,PENUMATIC PISTON VALVE KIT,1 PCS,,1,PCS,,,,,False,,FFFF0000
WATER!A68,WATER,68,0,WATER WEIGHING BATCHER,WATER WEIGHING BATCHER,,True,A1,E57365,E57365,ACUATOR,ACUATOR,1 PCS,,1,PCS,,,,,False,,FFFF0000
WATER!A69,WATER,69,0,WATER WEIGHING BATCHER,WATER WEIGHING BATCHER,,True,A1,E62219,E62219,PENUMATIC VALVE,PENUMATIC VALVE,1 PCS,,1,PCS,,,,,False,,FFFF0000
WATER!A70,WATER,70,0,WATER WEIGHING BATCHER,WATER WEIGHING BATCHER,,True,A1,E61686,E61686,PENUMATIC VALVECOIL,PENUMATIC VALVECOIL,1 PCS,,1,PCS,,,,,False,,FFFF0000
WATER!A71,WATER,71,0,WATER WEIGHING BATCHER,WATER WEIGHING BATCHER,,True,A1,E1005624,E1005624,WATER PUMP,WATER PUMP,1 PCS,,1,PCS,,,,,False,,FFFF0000
WATER!A72,WATER,72,0,WATER WEIGHING BATCHER,WATER WEIGHING BATCHER,,True,A1,E1008091,E1008091,BUTTERFLY VALVE GROUP,BUTTERFLY VALVE GROUP,1 PCS,1 SET,1,PCS,,1,SET,,False,,FFFF0000
WATER!A73,WATER,73,0,WATER WEIGHING BATCHER,WATER WEIGHING BATCHER,,True,A1,E44824,E44824,BUTTERFLY VALVE,BUTTERFLY VALVE ,1 PCS,,1,PCS,,,,,False,,FFFF0000
WATER!A74,WATER,74,0,WATER WEIGHING BATCHER,WATER WEIGHING BATCHER,,True,A1,E1000052,E1000052,ACTUATOR,ACTUATOR,1 PCS,,1,PCS,,,,,False,,FFFF0000
WATER!A75,WATER,75,0,WATER WEIGHING BATCHER,WATER WEIGHING BATCHER,,True,A1,E19778,E19778,PNEUMATIC VALVE,PNEUMATIC VALVE,1 PCS,,1,PCS,,,,,False,,FFFF0000
WATER!A76,WATER,76,0,WATER WEIGHING BATCHER,WATER WEIGHING BATCHER,,True,A1,E1000201,E1000201,PNEUMATIC VALVE COIL,PNEUMATIC VALVE COIL,1 PCS,,1,PCS,,,,,False,,FFFF0000
WATER!A77,WATER,77,0,WATER WEIGHING BATCHER,WATER WEIGHING BATCHER,,True,A1,E25851,E25851,BELLOW HOSE,BELLOW HOSE,2 PCS,,2,PCS,,,,,False,,FFFF0000
WATER!A78,WATER,78,0,WATER WEIGHING BATCHER,WATER WEIGHING BATCHER,,True,A1,E1007779,E1007779,CLAMP,CLAMP,2 PCS,,2,PCS,,,,,False,,FFFF0000
WATER!A79,WATER,79,0,WATER WEIGHING BATCHER,WATER WEIGHING BATCHER,,True,A1,E1002205,E1002205,LOADCELL,LOADCELL,1 PCS,,1,PCS,,,,,False,,FFFF0000
WATER!A80,WATER,80,0,WATER WEIGHING BATCHER,WATER WEIGHING BATCHER,,True,A1,E29305,E29305,CONNECTION PART,CONNECTION PART,1 PCS,,1,PCS,,,,,False,,FFFF0000
WATER!A81,WATER,81,0,WATER WEIGHING BATCHER,WATER WEIGHING BATCHER,,True,A1,E1007148,E1007148,THREADED STUD,THREADED STUD,2 PCS,,2,PCS,,,,,False,,FFFF0000
WATER!A82,WATER,82,0,WATER WEIGHING BATCHER,WATER WEIGHING BATCHER,,True,A1,E1001498,E1001498,ROD END,ROD END,1 PCS,,1,PCS,,,,,False,,FFFF0000
WATER!A83,WATER,83,0,WATER WEIGHING BATCHER,WATER WEIGHING BATCHER,,True,A1,E41210,E41210,EARTHING CABLE,EARTHING CABLE,1 PCS,,1,PCS,,,,,False,,FFFF0000
WATER!A84,WATER,84,0,WATER WEIGHING BATCHER,WATER WEIGHING BATCHER,,True,A1,E43480,E43480,LINEAR SLIDE CAR,LINEAR SLIDE CAR,1 PCS,,1,PCS,,,,,False,,FFFF0000
WATER!A85,WATER,85,0,WATER WEIGHING BATCHER,WATER WEIGHING BATCHER,,True,A1,E43481,E43481,GUIDE RAIL,GUIDE RAIL,1 PCS,,1,PCS,,,,,False,,FFFF0000
ADDITIVE!A26,ADDITIVE,26,0,ADDITIVE WEIGHING BATCHER,ADDITIVE WEIGHING BATCHER,,True,A1,E76109,E76109,ADDITIVE WEIGHING BATCHER,ADDITIVE WEIGHING BATCHER,2 PCS,,2,PCS,,,,,False,,FFFF0000
ADDITIVE!A27,ADDITIVE,27,0,ADDITIVE WEIGHING BATCHER,ADDITIVE WEIGHING BATCHER,,True,A1,E1007151,E1007151,THREADED STUD,THREADED STUD,1 PCS,,1,PCS,,,,,False,,FFFF0000
ADDITIVE!A28,ADDITIVE,28,0,ADDITIVE WEIGHING BATCHER,ADDITIVE WEIGHING BATCHER,,True,A1,E21714,E21714,LOADCELL,LOADCELL,1 PCS,,1,PCS,,,,,False,,FFFF0000
ADDITIVE!A29,ADDITIVE,29,0,ADDITIVE WEIGHING BATCHER,ADDITIVE WEIGHING BATCHER,,True,A1,E41210,E41210,EARTHING GABLE,EARTHING GABLE,1 PCS,,1,PCS,,,,,False,,FFFF0000
ADDITIVE!A30,ADDITIVE,30,0,ADDITIVE WEIGHING BATCHER,ADDITIVE WEIGHING BATCHER,,True,A1,E1002605,E1002605,PNEUMATIC PISTON VALVE KIT,PNEUMATIC PISTON VALVE KIT,1 SET,,1,SET,,,,,False,,FFFF0000
ADDITIVE!A31,ADDITIVE,31,0,ADDITIVE WEIGHING BATCHER,ADDITIVE WEIGHING BATCHER,,True,A1,E54455,E54455,PNEUMATIC PISTON VALVE,PNEUMATIC PISTON VALVE ,1 PCS,,1,PCS,,,,,False,,FFFF0000
ADDITIVE!A32,ADDITIVE,32,0,ADDITIVE WEIGHING BATCHER,ADDITIVE WEIGHING BATCHER,,True,A1,E62210,E62210,PNEUMATIC VALVE COIL,PNEUMATIC VALVE COIL,1 PCS,,1,PCS,,,,,False,,FFFF0000
ADDITIVE!A33,ADDITIVE,33,0,ADDITIVE WEIGHING BATCHER,ADDITIVE WEIGHING BATCHER,,True,A1,E62209,E62209,PNEUMATIC VALVE,PNEUMATIC VALVE,1 PCS,,1,PCS,,,,,False,,FFFF0000
ADDITIVE!A34,ADDITIVE,34,0,ADDITIVE WEIGHING BATCHER,ADDITIVE WEIGHING BATCHER,,True,A1,E52713,E52713,PNEUMATIC PISTON VALVE KIT,PNEUMATIC PISTON VALVE KIT,2 SET,,2,SET,,,,,False,,FFFF0000
ADDITIVE!A35,ADDITIVE,35,0,ADDITIVE WEIGHING BATCHER,ADDITIVE WEIGHING BATCHER,,True,A1,E54286,E54286,ACTUATOR,ACTUATOR,2 PCS,,2,PCS,,,,,False,,FFFF0000
ADDITIVE!A36,ADDITIVE,36,0,ADDITIVE WEIGHING BATCHER,ADDITIVE WEIGHING BATCHER,,True,A1,E62219,E62219,PNEUMATIC VALVE,PNEUMATIC VALVE,2 PCS,,2,PCS,,,,,False,,FFFF0000
ADDITIVE!A37,ADDITIVE,37,0,ADDITIVE WEIGHING BATCHER,ADDITIVE WEIGHING BATCHER,,True,A1,E61686,E61686,PNEUMATIC VALVE COIL,PNEUMATIC VALVE COIL,2 PCS,,2,PCS,,,,,False,,FFFF0000
ADDITIVE!A38,ADDITIVE,38,0,ADDITIVE WEIGHING BATCHER,ADDITIVE WEIGHING BATCHER,,True,A1,E25845,E25845,BELLOW HOSE,BELLOW HOSE,2 PCS,,2,PCS,,,,,False,,FFFF0000
ADDITIVE!A39,ADDITIVE,39,0,ADDITIVE WEIGHING BATCHER,ADDITIVE WEIGHING BATCHER,,True,A1,E1000621,E1000621,CLAMP,CLAMP,4 PCS,,4,PCS,,,,,False,,FFFF0000
ADDITIVE!A40,ADDITIVE,40,0,ADDITIVE WEIGHING BATCHER,ADDITIVE WEIGHING BATCHER,,True,A1,E1005617,E1005617,ADDITIVE PUMP,ADDITIVE PUMP,2 PCS,,2,PCS,,,,,False,,FFFF0000
ADDITIVE!A41,ADDITIVE,41,0,ADDITIVE WEIGHING BATCHER,ADDITIVE WEIGHING BATCHER,,True,A1,E43480,E43480,LINEAR SLIDE CAR,LINEAR SLIDE CAR,1 PCS,,1,PCS,,,,,False,,FFFF0000
ADDITIVE!A42,ADDITIVE,42,0,ADDITIVE WEIGHING BATCHER,ADDITIVE WEIGHING BATCHER,,True,A1,E43481,E43481,GUIDE RAIL,GUIDE RAIL,1 PCS,,1,PCS,,,,,False,,FFFF0000
ADDITIVE!A43,ADDITIVE,43,0,ADDITIVE WEIGHING BATCHER,ADDITIVE WEIGHING BATCHER,,True,A1,E67546,E67546,LIFTING EYE BOLT,LIFTING EYE BOLT,2 PCS,,2,PCS,,,,,False,,FFFF0000
ADDITIVE!A44,ADDITIVE,44,0,ADDITIVE WEIGHING BATCHER,ADDITIVE WEIGHING BATCHER,,True,A1,E67201,E67201,HUMMER LOCK,HUMMER LOCK,1 PCS,,1,PCS,,,,,False,,FFFF0000
INLINE SILO!A5,INLINE SILO,5,0,INLINE SILO,INLINE SILO,,True,A1,E1002579,E1002579,PNEUMATIC PISTON,PNEUMATIC PISTON,8 PCS,,8,PCS,,,,,False,,FFFF0000
INLINE SILO!A6,INLINE SILO,6,0,INLINE SILO,INLINE SILO,,True,A1,E1005824,E1005824,PNEUMATIC VALVE BOX,PNEUMATIC VALVE BOX,2 PCS,,2,PCS,,,,,False,,FFFF0000
INLINE SILO!A7,INLINE SILO,7,0,INLINE SILO,INLINE SILO,,True,A1,E62050,E62050,PNEUMATIC VALVE,PNEUMATIC VALVE,8 PCS,,8,PCS,,,,,False,,FFFF0000
INLINE SILO!A8,INLINE SILO,8,0,INLINE SILO,INLINE SILO,,True,A1,E62210,E62210,PNEUMATIC VALVE COIL,PNEUMATIC VALVE COIL,8 PCS,,8,PCS,,,,,False,,FFFF0000
INLINE SILO!A9,INLINE SILO,9,0,INLINE SILO,INLINE SILO,,True,A1,E1005847,E1005847,VIBRATOR,VIBRATOR,2 PCS,,2,PCS,,,,,False,,FFFF0000
INLINE SILO!A10,INLINE SILO,10,0,INLINE SILO,INLINE SILO,,True,A1,E16992,E16992,AIR TANK,AIR TANK,2 PCS,,2,PCS,,,,,False,,FFFF0000
INLINE SILO!A11,INLINE SILO,11,0,INLINE SILO,INLINE SILO,,True,A1,E1006349,E1006349,AIR LUBRICATOR,AIR LUBRICATOR,2 PCS,,2,PCS,,,,,False,,FFFF0000
INLINE SILO!A12,INLINE SILO,12,0,INLINE SILO,INLINE SILO,,True,A1,E1005628,E1005628,WATER DRAINER,WATER DRAINER,2 PCS,,2,PCS,,,,,False,,FFFF0000
WEIGHING CONVEYOR!A7,WEIGHING CONVEYOR,7,0,WEIGHING CONVEYOR,TAIL SECTION,,True,A1,E1000814,E1000814,RUBBER,RUBBER,2 PCS,,2,PCS,,,,,False,,FFFF0000
WEIGHING CONVEYOR!A8,WEIGHING CONVEYOR,8,0,WEIGHING CONVEYOR,TAIL SECTION,,True,A1,E1008734,E1008734,BELT,BELT,1 PCS,,1,PCS,,,,,False,,FFFF0000
WEIGHING CONVEYOR!A9,WEIGHING CONVEYOR,9,0,WEIGHING CONVEYOR,TAIL SECTION,,True,A1,E67086,E67086,TAIL PULLEY,TAIL PULLEY,1 PCS,,1,PCS,,,,,False,,FFFF0000
WEIGHING CONVEYOR!A10,WEIGHING CONVEYOR,10,0,WEIGHING CONVEYOR,TAIL SECTION,,True,A1,E1000150,E1000150,BEARINGS,BEARINGS,2 PCS,4 PCS,2,PCS,,4,PCS,,False,,FFFF0000
WEIGHING CONVEYOR!A11,WEIGHING CONVEYOR,11,0,WEIGHING CONVEYOR,TAIL SECTION,,True,A1,E1008003,E1008003,THREADED STUD,THREADED STUD,2 PCS,4 PCS,2,PCS,,4,PCS,,False,,FFFF0000
WEIGHING CONVEYOR!A12,WEIGHING CONVEYOR,12,0,WEIGHING CONVEYOR,TAIL SECTION,,True,A1,E1005846,E1005846,VIBRATOR,VIBRATOR,1 PCS,1 PCS,1,PCS,,1,PCS,,False,,FFFF0000
WEIGHING CONVEYOR!A13,WEIGHING CONVEYOR,13,0,WEIGHING CONVEYOR,TAIL SECTION,,True,A1,E29006,E29006,BELT CENTERING ROLLER,BELT CENTERING ROLLER,8 PCS,,8,PCS,,,,,False,,FFFF0000
WEIGHING CONVEYOR!A49,WEIGHING CONVEYOR,49,1,WEIGHING CONVEYOR,"HANGERS, HEAD DRIVE AND IDLERS",,True,,E1006706,E1006706,THREADED STUD,THREADED STUD,6 PCS,6 PCS,6,PCS,,6,PCS,,False,,FFFF0000
WEIGHING CONVEYOR!A50,WEIGHING CONVEYOR,50,1,WEIGHING CONVEYOR,"HANGERS, HEAD DRIVE AND IDLERS",,True,,E1002207,E1002207,LOADCELL,LOADCELL,6 PCS,,6,PCS,,,,,False,,FFFF0000
WEIGHING CONVEYOR!A51,WEIGHING CONVEYOR,51,1,WEIGHING CONVEYOR,"HANGERS, HEAD DRIVE AND IDLERS",,True,,E1001500,E1001500,ROD END,ROD END,12 PCS,,12,PCS,,,,,False,,FFFF0000
WEIGHING CONVEYOR!A52,WEIGHING CONVEYOR,52,1,WEIGHING CONVEYOR,"HANGERS, HEAD DRIVE AND IDLERS",,True,,E30463,E30463,LOADCELL CONNECTION PART,LOADCELL CONNECTION PART,12 PCS,,12,PCS,,,,,False,,FFFF0000
WEIGHING CONVEYOR!A53,WEIGHING CONVEYOR,53,1,WEIGHING CONVEYOR,"HANGERS, HEAD DRIVE AND IDLERS",,True,,E29398,E29398,THREADED STUD,THREADED STUD,12 PCS,,12,PCS,,,,,False,,FFFF0000
WEIGHING CONVEYOR!A54,WEIGHING CONVEYOR,54,1,WEIGHING CONVEYOR,"HANGERS, HEAD DRIVE AND IDLERS",,True,,E50097,E50097,ELECTRIC MOTOR AND GEARBOX,ELECTRIC MOTOR AND GEARBOX,1 PCS,,1,PCS,,,,,False,,FFFF0000
WEIGHING CONVEYOR!A55,WEIGHING CONVEYOR,55,1,WEIGHING CONVEYOR,"HANGERS, HEAD DRIVE AND IDLERS",,True,,E1000151,E1000151,HEAD DRIVE PULLEY BEARINGS,HEAD DRIVE PULLEY BEARINGS,2 PCS,,2,PCS,,,,,False,,FFFF0000
WEIGHING CONVEYOR!A56,WEIGHING CONVEYOR,56,1,WEIGHING CONVEYOR,"HANGERS, HEAD DRIVE AND IDLERS",,True,,E67089,E67089,HEAD DRIVE PULLEY,HEAD DRIVE PULLEY ,1 PCS,,1,PCS,,,,,False,,FFFF0000
WEIGHING CONVEYOR!A57,WEIGHING CONVEYOR,57,1,WEIGHING CONVEYOR,"HANGERS, HEAD DRIVE AND IDLERS",,True,,E1005502,E1005502,BELT CLEANER,BELT CLEANER,1 PCS,,1,PCS,,,,,False,,FFFF0000
WEIGHING CONVEYOR!A58,WEIGHING CONVEYOR,58,1,WEIGHING CONVEYOR,"HANGERS, HEAD DRIVE AND IDLERS",,True,,E8771,E8771,TROUGHING IDLER CHASSIS,TROUGHING IDLER CHASSIS,32 PCS,,32,PCS,,,,,False,theme:0,FFFF0000
WEIGHING CONVEYOR!A59,WEIGHING CONVEYOR,59,1,WEIGHING CONVEYOR,"HANGERS, HEAD DRIVE AND IDLERS",,True,,E27279,E27279,TROUGHING IDLER,TROUGHING IDLER,96 PCS,,96,PCS,,,,,False,,FFFF0000
WEIGHING CONVEYOR!A60,WEIGHING CONVEYOR,60,1,WEIGHING CONVEYOR,"HANGERS, HEAD DRIVE AND IDLERS",,True,,E27283,E27283,RETURN IDLER,RETURN IDLER,7 PCS,,7,PCS,,,,,False,,FFFF0000
TRANSFER CONVEYOR!A5,TRANSFER CONVEYOR,5,0,TRANSFER CONVEYOR,HEAD SECTION,,True,A1,E1002703,E1002703,GEARBOX,GEARBOX,1 PCS,,1,PCS,,,,,False,,FFFF0000
TRANSFER CONVEYOR!A6,TRANSFER CONVEYOR,6,0,TRANSFER CONVEYOR,HEAD SECTION,,True,A1,E1006366,E1006366,BEARING,BEARING,2 PCS,,2,PCS,,,,,False,,FFFF0000
TRANSFER CONVEYOR!A7,TRANSFER CONVEYOR,7,0,TRANSFER CONVEYOR,HEAD SECTION,,True,A1,E67085,E67085,HEAD DRIVE PULLEY,HEAD DRIVE PULLEY,1 PCS,,1,PCS,,,,,False,,FFFF0000
TRANSFER CONVEYOR!A8,TRANSFER CONVEYOR,8,0,TRANSFER CONVEYOR,HEAD SECTION,,True,A1,E18159,E18159,CYLINDRICAL CONVEYOR CLEANING BRUSH,CYLINDRICAL CONVEYOR CLEANING BRUSH,1 PCS,,1,PCS,,,,,False,,FFFF0000
TRANSFER CONVEYOR!A9,TRANSFER CONVEYOR,9,0,TRANSFER CONVEYOR,HEAD SECTION,,True,A1,E23,E23,GURD,GURD,1 PCS,,1,PCS,,,,,False,,FFFF0000
TRANSFER CONVEYOR!A10,TRANSFER CONVEYOR,10,0,TRANSFER CONVEYOR,HEAD SECTION,,True,A1,E1006399,E1006399,SPRING,SPRING,2 PCS,4 PCS,2,PCS,,4,PCS,,False,,FFFF0000
TRANSFER CONVEYOR!A11,TRANSFER CONVEYOR,11,0,TRANSFER CONVEYOR,HEAD SECTION,,True,A1,E1006382,E1006382,BEARING,BEARING,2 PCS,4 PCS,2,PCS,,4,PCS,,False,,FFFF0000
TRANSFER CONVEYOR!A12,TRANSFER CONVEYOR,12,0,TRANSFER CONVEYOR,HEAD SECTION,,True,A1,E16429,E16429,CHAIN GEAR,CHAIN GEAR,1 PCS,1 PCS,1,PCS,,1,PCS,,False,,FFFF0000
TRANSFER CONVEYOR!A13,TRANSFER CONVEYOR,13,0,TRANSFER CONVEYOR,HEAD SECTION,,True,A1,E1006444,E1006444,CHAIN,CHAIN,1 PCS,2 PCS,1,PCS,,2,PCS,,False,,FFFF0000
TRANSFER CONVEYOR!A14,TRANSFER CONVEYOR,14,0,TRANSFER CONVEYOR,HEAD SECTION,,True,A1,E16431,E16431,CHAIN GEAR,CHAIN GEAR,1 PCS,1 PCS,1,PCS,,1,PCS,,False,,FFFF0000
TRANSFER CONVEYOR!A15,TRANSFER CONVEYOR,15,0,TRANSFER CONVEYOR,HEAD SECTION,,True,A1,E16430,E16430,CHAIN GEAR,CHAIN GEAR,1 PCS,1 PCS,1,PCS,,1,PCS,,False,,FFFF0000
TRANSFER CONVEYOR!A16,TRANSFER CONVEYOR,16,0,TRANSFER CONVEYOR,HEAD SECTION,,True,A1,E1000814,E1000814,RUBBER,RUBBER,2 PCS,,2,PCS,,,,,False,,FFFF0000
TRANSFER CONVEYOR!A64,TRANSFER CONVEYOR,64,1,TRANSFER CONVEYOR,TAIL SECTION AND IDLERS,,True,,E29006,E29006,CONVEYOR GUIDE ROLLERS,CONVEYOR GUIDE ROLLERS,4 PCS,,4,PCS,,,,,False,,FFFF0000
TRANSFER CONVEYOR!A65,TRANSFER CONVEYOR,65,1,TRANSFER CONVEYOR,TAIL SECTION AND IDLERS,,True,,E1008003,E1008003,THREADED STUD,THREADED STUD,2 PCS,,2,PCS,,,,,False,,FFFF0000
TRANSFER CONVEYOR!A66,TRANSFER CONVEYOR,66,1,TRANSFER CONVEYOR,TAIL SECTION AND IDLERS,,True,,E1000150,E1000150,BEARINGS,BEARINGS,2 PCS,,2,PCS,,,,,False,,FFFF0000
TRANSFER CONVEYOR!A67,TRANSFER CONVEYOR,67,1,TRANSFER CONVEYOR,TAIL SECTION AND IDLERS,,True,,E67086,E67086,TAIL PULLEY,TAIL PULLEY,1 PCS,,1,PCS,,,,,False,,FFFF0000
TRANSFER CONVEYOR!A68,TRANSFER CONVEYOR,68,1,TRANSFER CONVEYOR,TAIL SECTION AND IDLERS,,True,,E52214,E52214,TRANSFER BELT,TRANSFER BELT,1 PCS,,1,PCS,,,,,False,,FFFF0000
TRANSFER CONVEYOR!A69,TRANSFER CONVEYOR,69,1,TRANSFER CONVEYOR,TAIL SECTION AND IDLERS,,True,,E8771,E8771,TROUGHING IDLER ROLLER CHASSIS,TROUGHING IDLER ROLLER CHASSIS,32 PC,,32,PCS,unit_variant:PC,,,,False,,FFFF0000
TRANSFER CONVEYOR!A70,TRANSFER CONVEYOR,70,1,TRANSFER CONVEYOR,TAIL SECTION AND IDLERS,,True,,E27279,E27279,TROUGHING IDLER ROLLER,TROUGHING IDLER ROLLER,96 PCS,,96,PCS,,,,,False,,FFFF0000
TRANSFER CONVEYOR!A71,TRANSFER CONVEYOR,71,1,TRANSFER CONVEYOR,TAIL SECTION AND IDLERS,,True,,E27283,E27283,RETURN IDLER,RETURN IDLER,8 PCS,,8,PCS,,,,,False,,FFFF0000
TRANSFER CONVEYOR!A72,TRANSFER CONVEYOR,72,1,TRANSFER CONVEYOR,TAIL SECTION AND IDLERS,,True,,E1001002,E1001002,PULLGUARD,PULLGUARD,1 PCS,,1,PCS,,,,,False,,FFFF0000
TRANSFER CONVEYOR!A73,TRANSFER CONVEYOR,73,1,TRANSFER CONVEYOR,TAIL SECTION AND IDLERS,,True,,E1005844,E1005844,VIBRATOR,VIBRATOR,1 PCS,,1,PCS,,,,,False,,FFFF0000
TRANSFER CONVEYOR!A74,TRANSFER CONVEYOR,74,1,TRANSFER CONVEYOR,TAIL SECTION AND IDLERS,,True,,E52189,E52189,DEFLECTION DRUM,DEFLECTION DRUM,1 PCS,,1,PCS,,,,,False,,FFFF0000
TRANSFER CONVEYOR!A75,TRANSFER CONVEYOR,75,1,TRANSFER CONVEYOR,TAIL SECTION AND IDLERS,,True,,E1006369,E1006369,BEARINGS,BEARINGS,2 PCS,,2,PCS,,,,,False,,FFFF0000
PNEUMATIC SYSTEM!A30,PNEUMATIC SYSTEM,30,0,PNEUMATIC SYSTEM (COMPRESSOR),COMPRESSOR (E1001393),E1001393,False,A27,E75941,E75941,PUMP,PUMP,1 PCS,,1,PCS,,,,,False,,FFFF0000
PNEUMATIC SYSTEM!A31,PNEUMATIC SYSTEM,31,0,PNEUMATIC SYSTEM (COMPRESSOR),COMPRESSOR (E1001393),E1001393,False,A27,E75942,E75942,FOOT,FOOT,4 PCS,,4,PCS,,,,,False,,FFFF0000
PNEUMATIC SYSTEM!A32,PNEUMATIC SYSTEM,32,0,PNEUMATIC SYSTEM (COMPRESSOR),COMPRESSOR (E1001393),E1001393,False,A27,E75943,E75943,NON RETURN VALVE,NON RETURN VALVE,1 PCS,,1,PCS,,,,,False,,FFFF0000
PNEUMATIC SYSTEM!A33,PNEUMATIC SYSTEM,33,0,PNEUMATIC SYSTEM (COMPRESSOR),COMPRESSOR (E1001393),E1001393,False,A27,E75944,E75944,VALVE,VALVE,1 PCS,,1,PCS,,,,,False,,FFFF0000
PNEUMATIC SYSTEM!A34,PNEUMATIC SYSTEM,34,0,PNEUMATIC SYSTEM (COMPRESSOR),COMPRESSOR (E1001393),E1001393,False,A27,E75945,E75945,DRAIN VALVE,DRAIN VALVE,1 PCS,,1,PCS,,,,,False,,FFFF0000
PNEUMATIC SYSTEM!A35,PNEUMATIC SYSTEM,35,0,PNEUMATIC SYSTEM (COMPRESSOR),COMPRESSOR (E1001393),E1001393,False,A27,E75946,E75946,MANOMETER,MANOMETER,1 PCS,,1,PCS,,,,,False,,FFFF0000
PNEUMATIC SYSTEM!A36,PNEUMATIC SYSTEM,36,0,PNEUMATIC SYSTEM (COMPRESSOR),COMPRESSOR (E1001393),E1001393,False,A27,E75947,E75947,SAFETY VALVE,SAFETY VALVE,1 PCS,,1,PCS,,,,,False,,FFFF0000
PNEUMATIC SYSTEM!A37,PNEUMATIC SYSTEM,37,0,PNEUMATIC SYSTEM (COMPRESSOR),COMPRESSOR (E1001393),E1001393,False,A27,E75948,E75948,FITTING,FITTING,2 PCS,,2,PCS,,,,,False,,FFFF0000
PNEUMATIC SYSTEM!A38,PNEUMATIC SYSTEM,38,0,PNEUMATIC SYSTEM (COMPRESSOR),COMPRESSOR (E1001393),E1001393,False,A27,E75949,E75949,FITTING,FITTING,1 PCS,,1,PCS,,,,,False,,FFFF0000
PNEUMATIC SYSTEM!A39,PNEUMATIC SYSTEM,39,0,PNEUMATIC SYSTEM (COMPRESSOR),COMPRESSOR (E1001393),E1001393,False,A27,E75950,E75950,PULLEY,PULLEY,1 PCS,,1,PCS,,,,,False,,FFFF0000
PNEUMATIC SYSTEM!A40,PNEUMATIC SYSTEM,40,0,PNEUMATIC SYSTEM (COMPRESSOR),COMPRESSOR (E1001393),E1001393,False,A27,E75951,E75951,BELT,BELT,2 PCS,,2,PCS,,,,,False,,FFFF0000
PNEUMATIC SYSTEM!A41,PNEUMATIC SYSTEM,41,0,PNEUMATIC SYSTEM (COMPRESSOR),COMPRESSOR (E1001393),E1001393,False,A27,E75952,E75952,HOSE,HOSE,1 PCS,,1,PCS,,,,,False,,FFFF0000
PNEUMATIC SYSTEM!A42,PNEUMATIC SYSTEM,42,0,PNEUMATIC SYSTEM (COMPRESSOR),COMPRESSOR (E1001393),E1001393,False,A27,E75953,E75953,PRESSURE SWITCH,PRESSURE SWITCH,1 PCS,,1,PCS,,,,,False,,FFFF0000
PNEUMATIC SYSTEM!A43,PNEUMATIC SYSTEM,43,0,PNEUMATIC SYSTEM (COMPRESSOR),COMPRESSOR (E1001393),E1001393,False,A27,E75954,E75954,CABLE,CABLE,1 PCS,,1,PCS,,,,,False,,FFFF0000
PNEUMATIC SYSTEM!A44,PNEUMATIC SYSTEM,44,0,PNEUMATIC SYSTEM (COMPRESSOR),COMPRESSOR (E1001393),E1001393,False,A27,E75955,E75955,MOTOR,MOTOR,1 PCS,,1,PCS,,,,,False,,FFFF0000
PNEUMATIC SYSTEM!A45,PNEUMATIC SYSTEM,45,0,PNEUMATIC SYSTEM (COMPRESSOR),COMPRESSOR (E1001393),E1001393,False,A27,E75956,E75956,BELT GUARD,BELT GUARD,1 PCS,,1,PCS,,,,,False,,FFFF0000
PNEUMATIC SYSTEM!A46,PNEUMATIC SYSTEM,46,0,PNEUMATIC SYSTEM (COMPRESSOR),COMPRESSOR (E1001393),E1001393,False,A27,E75957,E75957,DELIVERY PIPE,DELIVERY PIPE,1 PCS,,1,PCS,,,,,False,,FFFF0000
PNEUMATIC SYSTEM!A66,PNEUMATIC SYSTEM,66,1,PNEUMATIC SYSTEM (COMPRESSOR),BARE PUMP (E75941),E75941,False,A64,E75959,E75959,CYLINDER HEAD KIT,CYLINDER HEAD KIT,1 PCS,,1,PCS,,,,,False,,FFFF0000
PNEUMATIC SYSTEM!A67,PNEUMATIC SYSTEM,67,1,PNEUMATIC SYSTEM (COMPRESSOR),BARE PUMP (E75941),E75941,False,A64,E75960,E75960,COOLER KIT,COOLER KIT,1 PCS,,1,PCS,,,,,False,,FFFF0000
PNEUMATIC SYSTEM!A68,PNEUMATIC SYSTEM,68,1,PNEUMATIC SYSTEM (COMPRESSOR),BARE PUMP (E75941),E75941,False,A64,E75961,E75961,SAFTY VALVE KIT,SAFTY VALVE KIT,1 PCS,,1,PCS,,,,,False,,FFFF0000
PNEUMATIC SYSTEM!A69,PNEUMATIC SYSTEM,69,1,PNEUMATIC SYSTEM (COMPRESSOR),BARE PUMP (E75941),E75941,False,A64,E75962,E75962,AFTERCOOLER KIT,AFTERCOOLER KIT,1 PCS,,1,PCS,,,,,False,,FFFF0000
PNEUMATIC SYSTEM!A70,PNEUMATIC SYSTEM,70,1,PNEUMATIC SYSTEM (COMPRESSOR),BARE PUMP (E75941),E75941,False,A64,E75963,E75963,PULLEY KIT,PULLEY KIT,1 PCS,,1,PCS,,,,,False,,FFFF0000
PNEUMATIC SYSTEM!A71,PNEUMATIC SYSTEM,71,1,PNEUMATIC SYSTEM (COMPRESSOR),BARE PUMP (E75941),E75941,False,A64,E75964,E75964,OIL LEVEL KIT,OIL LEVEL KIT,1 PCS,,1,PCS,,,,,False,,FFFF0000
PNEUMATIC SYSTEM!A72,PNEUMATIC SYSTEM,72,1,PNEUMATIC SYSTEM (COMPRESSOR),BARE PUMP (E75941),E75941,False,A64,E75965,E75965,FILTER KIT,FILTER KIT,1 PCS,,1,PCS,,,,,False,,FFFF0000
PNEUMATIC SYSTEM!A73,PNEUMATIC SYSTEM,73,1,PNEUMATIC SYSTEM (COMPRESSOR),BARE PUMP (E75941),E75941,False,A64,E75966,E75966,COVER SEAL SET,COVER SEAL SET,1 PCS,,1,PCS,,,,,False,,FFFF0000
PNEUMATIC SYSTEM!A74,PNEUMATIC SYSTEM,74,1,PNEUMATIC SYSTEM (COMPRESSOR),BARE PUMP (E75941),E75941,False,A64,E75967,E75967,CYLINDER HOUSING GROUP,CYLINDER HOUSING GROUP,1 PCS,,1,PCS,,,,,False,,FFFF0000
PNEUMATIC SYSTEM!A90,PNEUMATIC SYSTEM,90,2,PNEUMATIC SYSTEM (COMPRESSOR),AIR SERVICE UNIT AND AIR TANK,,True,,E1006768,E1006768,TWO PIECE AIR SERVICE UNIT,TWO PIECE AIR SERVICE UNIT,1 PCS,,1,PCS,,,,,False,,FFFF0000
PNEUMATIC SYSTEM!A91,PNEUMATIC SYSTEM,91,2,PNEUMATIC SYSTEM (COMPRESSOR),AIR SERVICE UNIT AND AIR TANK,,True,,E16990,E16990,AIR TANK,AIR TANK,1 PCS,,1,PCS,,,,,False,,FFFF0000
PNEUMATIC SYSTEM!A92,PNEUMATIC SYSTEM,92,2,PNEUMATIC SYSTEM (COMPRESSOR),AIR SERVICE UNIT AND AIR TANK,,True,,E1006349,E1006349,LUBRICATOR,LUBRICATOR,2 PCS,,2,PCS,,,,,False,,FFFF0000
PNEUMATIC SYSTEM!A93,PNEUMATIC SYSTEM,93,2,PNEUMATIC SYSTEM (COMPRESSOR),AIR SERVICE UNIT AND AIR TANK,,True,,E1005628,E1005628,WATER CATCHER,WATER CATCHER,2 PCS,,2,PCS,,,,,False,,FFFF0000
CEMENT SCREW!A37,CEMENT SCREW,37,0,CEMENT SCREW,CEMENT SCREW,,True,A2,E24501,E24501,GEARBOX AND MOTOR,GEARBOX AND MOTOR,1 PCS,,1,PCS,,,,,False,,FFFF0000
CEMENT SCREW!A38,CEMENT SCREW,38,0,CEMENT SCREW,CEMENT SCREW,,True,A2,E26750,E26750,INTERMEDIATE BEARING,INTERMEDIATE BEARING,,3 PCS,,,empty,3,PCS,,False,,FFFF0000
CEMENT SCREW!A39,CEMENT SCREW,39,0,CEMENT SCREW,CEMENT SCREW,,True,A2,E28205,E28205,BEARING (IDLE SIDE),BEARING (IDLE SIDE),1 PCS,,1,PCS,,,,,False,,FFFF0000
CEMENT SCREW!A40,CEMENT SCREW,40,0,CEMENT SCREW,CEMENT SCREW,,True,A2,E18121,E18121,MAINTENANCE COVER,MAINTENANCE COVER,,,,,empty,,,,False,,FFFF0000
CEMENT SCREW!A41,CEMENT SCREW,41,0,CEMENT SCREW,CEMENT SCREW,,True,A2,E1007780,E1007780,CLAMP,CLAMP,1 PCS,,1,PCS,,,,,False,,FFFF0000
CEMENT SCREW!A42,CEMENT SCREW,42,0,CEMENT SCREW,CEMENT SCREW,,True,A2,E25848,E25848,BELLOW HOSE,BELLOW HOSE,1 PCS,,1,PCS,,,,,False,,FFFF0000
CEMENT SCREW!A43,CEMENT SCREW,43,0,CEMENT SCREW,CEMENT SCREW,,True,A2,E17708,E17708,SCREW FIXER CONNECTION PART,SCREW FIXER CONNECTION PART,1 PS,,1,PCS,unit_variant:PS,,,,False,,FFFF0000
CEMENT SCREW!A44,CEMENT SCREW,44,0,CEMENT SCREW,CEMENT SCREW,,True,A2,E1000921,E1000921,OIL HOSE (4 M),OIL HOSE (4 M),,,,,empty,,,,False,,FFFF0000
CEMENT SCREW!A45,CEMENT SCREW,45,0,CEMENT SCREW,CEMENT SCREW,,True,A2,E1000922,E1000922,OIL HOSE (6M),OIL HOSE (6M),,,,,empty,,,,False,,FFFF0000
CEMENT SCREW!A46,CEMENT SCREW,46,0,CEMENT SCREW,CEMENT SCREW,,True,A2,E19595,E19595,COLLECTOR,COLLECTOR,,,,,empty,,,,False,,FFFF0000
CEMENT SCREW!A72,CEMENT SCREW,72,1,CEMENT SCREW,CEMENT SCREW GEARBOX,,False,A48,E1002422,E1002422,ELECTRICAL MOTOR,ELECTRICAL MOTOR,1 PCS,,1,PCS,,,,,False,,
CEMENT SCREW!A73,CEMENT SCREW,73,1,CEMENT SCREW,CEMENT SCREW GEARBOX,,False,A48,E20108,E20108,INLET SHAFT,INLET SHAFT,1 PCS,,1,PCS,,,,,False,,
CEMENT SCREW!A74,CEMENT SCREW,74,1,CEMENT SCREW,CEMENT SCREW GEARBOX,,False,A48,E894,E894,MOTOR CONNECTION ADAPTER,MOTOR CONNECTION ADAPTER,1 PCS,,1,PCS,,,,,False,,
CEMENT SCREW!A75,CEMENT SCREW,75,1,CEMENT SCREW,CEMENT SCREW GEARBOX,,False,A48,E1006845,E1006845,OIL SEAL,OIL SEAL,1 PCS,,1,PCS,,,,,False,,
CEMENT SCREW!A76,CEMENT SCREW,76,1,CEMENT SCREW,CEMENT SCREW GEARBOX,,False,A48,E1006695,E1006695,CIRCLIP,CIRCLIP,1 PCS,,1,PCS,,,,,False,,
CEMENT SCREW!A77,CEMENT SCREW,77,1,CEMENT SCREW,CEMENT SCREW GEARBOX,,False,A48,E1008638,E1008638,BALL BEARING,BALL BEARING,1 PCS,,1,PCS,,,,,False,,
CEMENT SCREW!A78,CEMENT SCREW,78,1,CEMENT SCREW,CEMENT SCREW GEARBOX,,False,A48,E28341,E28341,GEARBOX BODY,GEARBOX BODY,1 PCS,,1,PCS,,,,,False,,
CEMENT SCREW!A79,CEMENT SCREW,79,1,CEMENT SCREW,CEMENT SCREW GEARBOX,,False,A48,E979,E979,A3 MIDDLE MOTION GEAR,A3 MIDDLE MOTION GEAR,1 PCS,,1,PCS,,,,,False,,
CEMENT SCREW!A80,CEMENT SCREW,80,1,CEMENT SCREW,CEMENT SCREW GEARBOX,,False,A48,E1002533,E1002533,O RING,O RING,2 PCS,,2,PCS,,,,,False,,
CEMENT SCREW!A81,CEMENT SCREW,81,1,CEMENT SCREW,CEMENT SCREW GEARBOX,,False,A48,E761,E761,A3 RING GEAR,A3 RING GEAR,1 PCS,,1,PCS,,,,,False,,
CEMENT SCREW!A82,CEMENT SCREW,82,1,CEMENT SCREW,CEMENT SCREW GEARBOX,,False,A48,E24500,E24500,A3 TRIAD POLE GEAR,A3 TRIAD POLE GEAR,1 PCS,,1,PCS,,,,,False,,
CEMENT SCREW!A83,CEMENT SCREW,83,1,CEMENT SCREW,CEMENT SCREW GEARBOX,,False,A48,E985,E985,GEARBOX BODY,GEARBOX BODY,1 PCS,,1,PCS,,,,,False,,
CEMENT SCREW!A84,CEMENT SCREW,84,1,CEMENT SCREW,CEMENT SCREW GEARBOX,,False,A48,E1008637,E1008637,BALL BEARING,BALL BEARING,1 PCS,,1,PCS,,,,,False,,
CEMENT SCREW!A85,CEMENT SCREW,85,1,CEMENT SCREW,CEMENT SCREW GEARBOX,,False,A48,E981,E981 ,GEARBOX OUTLET SHAFT,GEARBOX OUTLET SHAFT,1 PCS,,1,PCS,,,,,True,,
CEMENT SCREW!A86,CEMENT SCREW,86,1,CEMENT SCREW,CEMENT SCREW GEARBOX,,False,A48,E1008639,E1008639,BALL BEARING,BALL BEARING,1 PCS,,1,PCS,,,,,False,,
CEMENT SCREW!A87,CEMENT SCREW,87,1,CEMENT SCREW,CEMENT SCREW GEARBOX,,False,A48,E987,E987,COVER BEARING PRESSURE,COVER BEARING PRESSURE,1 PCS,,1,PCS,,,,,False,,
CEMENT SCREW!A88,CEMENT SCREW,88,1,CEMENT SCREW,CEMENT SCREW GEARBOX,,False,A48,E48270,E48270,SEAL,SEAL,2 PCS,,2,PCS,,,,,False,,
CEMENT SCREW!A89,CEMENT SCREW,89,1,CEMENT SCREW,CEMENT SCREW GEARBOX,,False,A48,E1008676,E1008676,SEAL,SEAL,1 PCS,,1,PCS,,,,,False,,
CEMENT SCREW!A90,CEMENT SCREW,90,1,CEMENT SCREW,CEMENT SCREW GEARBOX,,False,A48,E1008669,E1008669,SEAL,SEAL,1 PCS,,1,PCS,,,,,False,,
CEMENT SCREW!A91,CEMENT SCREW,91,1,CEMENT SCREW,CEMENT SCREW GEARBOX,,False,A48,E990,E990,GEARBOX CONNECTION ADAPTER,GEARBOX CONNECTION ADAPTER,1 PCS,,1,PCS,,,,,False,,
CEMENT SCREW!A92,CEMENT SCREW,92,1,CEMENT SCREW,CEMENT SCREW GEARBOX,,False,A48,E993,E993,GEARBOX FLANGE CONNECTION,GEARBOX FLANGE CONNECTION,1 PCS,,1,PCS,,,,,False,,
CEMENT SCREW!A93,CEMENT SCREW,93,1,CEMENT SCREW,CEMENT SCREW GEARBOX,,False,A48,E34787,E34787,COVER,COVER,1 PCS,,1,PCS,,,,,False,,
CEMENT SILO!A25,CEMENT SILO,25,0,CEMENT SILO,CEMENT SILO,,True,A1,E29028,E29028,AIR FILTER,AIR FILTER,1 PCS,,1,PCS,,,,,False,,
CEMENT SILO!A26,CEMENT SILO,26,0,CEMENT SILO,CEMENT SILO,,True,A1,E1000432,E1000432,PRESSURE SAFE,PRESSURE SAFE,1 PCS,,1,PCS,,,,,False,,
CEMENT SILO!A27,CEMENT SILO,27,0,CEMENT SILO,CEMENT SILO,,True,A1,E30617,E30617,CONTROL PANEL,CONTROL PANEL,1 PCS,,1,PCS,,,,,False,,
CEMENT SILO!A28,CEMENT SILO,28,0,CEMENT SILO,CEMENT SILO,,True,A1,E1008085,E1008085,LEVEL INDICATOR,LEVEL INDICATOR,2 PCS,,2,PCS,,,,,False,,
CEMENT SILO!A43,CEMENT SILO,43,1,CEMENT SILO,SILO BOTTOM AND AERATION,,True,,E25320,E25320,MAINTENANCE COVER,MAINTENANCE COVER,1 PCS,,1,PCS,,,,,False,,FFFF0000
CEMENT SILO!A44,CEMENT SILO,44,1,CEMENT SILO,SILO BOTTOM AND AERATION,,True,,E1001388,E1001388,BUTTERFLY VALVE,BUTTERFLY VALVE,1 PCS,1 PCS,1,PCS,,1,PCS,,False,,FFFF0000
CEMENT SILO!A45,CEMENT SILO,45,1,CEMENT SILO,SILO BOTTOM AND AERATION,,True,,E1000338,E1000338,AIR SHOCK,AIR SHOCK,6 PCS,,6,PCS,,,,,False,,FFFF0000
CEMENT SILO!A46,CEMENT SILO,46,1,CEMENT SILO,SILO BOTTOM AND AERATION,,True,,E1000330,E1000330,PNEUMATIC MUFFLERS,PNEUMATIC MUFFLERS,6 PCS,20 PCS,6,PCS,,20,PCS,,False,,FFFF0000
CEMENT SILO!A72,CEMENT SILO,72,2,CEMENT SILO,CEMENT SILO AIR FILTER,,False,A49,E29028-1,E29028-1,BODY FILTER,BODY FILTER,1 PCS,,1,PCS,,,,,False,,FFFF0000
CEMENT SILO!A73,CEMENT SILO,73,2,CEMENT SILO,CEMENT SILO AIR FILTER,,False,A49,E29028-2,E29028-2,SEAL FRAME,SEAL FRAME ,1 PCS,,1,PCS,,,,,False,,FFFF0000
CEMENT SILO!A74,CEMENT SILO,74,2,CEMENT SILO,CEMENT SILO AIR FILTER,,False,A49,E29028-3,E29028-3,AIR TANK,AIR TANK,1 PCS,,1,PCS,,,,,False,,FFFF0000
CEMENT SILO!A75,CEMENT SILO,75,2,CEMENT SILO,CEMENT SILO AIR FILTER,,False,A49,E29028-4,E29028-4,SOLENOID VALVES,SOLENOID VALVES,3 PCS,3 PCS,3,PCS,,3,PCS,,False,,FFFF0000
CEMENT SILO!A76,CEMENT SILO,76,2,CEMENT SILO,CEMENT SILO AIR FILTER,,False,A49,E29028-5,E29028-5,BLOWING PIPES,BLOWING PIPES,1 SET,,1,SET,,,,,False,,FFFF0000
CEMENT SILO!A77,CEMENT SILO,77,2,CEMENT SILO,CEMENT SILO AIR FILTER,,False,A49,E29028-6,E29028-6,CONDENSATE DRAINING COCK,CONDENSATE DRAINING COCK,1 PCS,,1,PCS,,,,,False,,FFFF0000
CEMENT SILO!A78,CEMENT SILO,78,2,CEMENT SILO,CEMENT SILO AIR FILTER,,False,A49,E29028-7,E29028-7,RAIN SHIELD,RAIN SHIELD,1 PCS,,1,PCS,,,,,False,,FFFF0000
CEMENT SILO!A79,CEMENT SILO,79,2,CEMENT SILO,CEMENT SILO AIR FILTER,,False,A49,E29028-8,E29028-8,FILTER ELEMENT,FILTER ELEMENT,7 PCS,,7,PCS,,,,,False,,FFFF0000
CEMENT SILO!A80,CEMENT SILO,80,2,CEMENT SILO,CEMENT SILO AIR FILTER,,False,A49,E29028-9,E29028-9,ELECTRONIC TIMER,ELECTRONIC TIMER,1 PCS,,1,PCS,,,,,False,,FFFF0000
CEMENT SILO!A120,CEMENT SILO,120,3,CEMENT SILO,CEMENT SILO PNEUMATIC SCHEMA,,False,A94,E1006768,E1006768,AIR SERVICE UNIT,AIR SERVICE UNIT,1 PCS,,1,PCS,,,,,False,,
CEMENT SILO!A121,CEMENT SILO,121,3,CEMENT SILO,CEMENT SILO PNEUMATIC SCHEMA,,False,A94,E1005835,E1005835,SELENOID VALVE,SELENOID VALVE,1 PCS,2 PCS,1,PCS,,2,PCS,,False,,
CEMENT SILO!A122,CEMENT SILO,122,3,CEMENT SILO,CEMENT SILO PNEUMATIC SCHEMA,,False,A94,E31886,E31886,PARTICLE FILTER,PARTICLE FILTER,1 PCS,,1,PCS,,,,,False,,
CEMENT SILO!A123,CEMENT SILO,123,3,CEMENT SILO,CEMENT SILO PNEUMATIC SCHEMA,,False,A94,E1000953,E1000953,PNEUMATIC HOSE,PNEUMATIC HOSE,,50 M,,,empty,50,M,,False,,
